feature_index,track_id,segment_index,path,label,label_id,duration_seconds,processed_seconds,skipped_tail_seconds,source_sample_rate,target_sample_rate,num_chunks
0,0,0,datasets/audios/eastern_data/cpop/cpop_000.wav,cpop,1,27.0,27.0,0.0,48000,24000,1
1,1,0,datasets/audios/eastern_data/cpop/cpop_001.wav,cpop,1,26.0,26.0,0.0,48000,24000,1
2,2,0,datasets/audios/eastern_data/cpop/cpop_002.wav,cpop,1,27.0,27.0,0.0,48000,24000,1
3,3,0,datasets/audios/eastern_data/cpop/cpop_003.wav,cpop,1,27.0,27.0,0.0,48000,24000,1
4,4,0,datasets/audios/eastern_data/cpop/cpop_004.wav,cpop,1,28.0,28.0,0.0,48000,24000,1
5,5,0,datasets/audios/eastern_data/cpop/cpop_005.wav,cpop,1,26.0,26.0,0.0,48000,24000,1
6,6,0,datasets/audios/eastern_data/cpop/cpop_006.wav,cpop,1,27.0,27.0,0.0,48000,24000,1
7,7,0,datasets/audios/eastern_data/cpop/cpop_007.wav,cpop,1,30.0,30.0,0.0,48000,24000,1
8,8,0,datasets/audios/eastern_data/cpop/cpop_008.wav,cpop,1,29.0,29.0,0.0,48000,24000,1
9,9,0,datasets/audios/eastern_data/cpop/cpop_009.wav,cpop,1,26.0,26.0,0.0,48000,24000,1
10,10,0,datasets/audios/eastern_data/cpop/cpop_010.wav,cpop,1,25.0,25.0,0.0,48000,24000,1
11,11,0,datasets/audios/eastern_data/cpop/cpop_011.wav,cpop,1,28.0,28.0,0.0,48000,24000,1
12,12,0,datasets/audios/eastern_data/cpop/cpop_012.wav,cpop,1,25.0,25.0,0.0,48000,24000,1
13,13,0,datasets/audios/eastern_data/cpop/cpop_013.wav,cpop,1,28.0,28.0,0.0,48000,24000,1
14,14,0,datasets/audios/eastern_data/cpop/cpop_014.wav,cpop,1,28.0,28.0,0.0,48000,24000,1
15,15,0,datasets/audios/eastern_data/cpop/cpop_015.wav,cpop,1,25.0,25.0,0.0,48000,24000,1
16,16,0,datasets/audios/eastern_data/cpop/cpop_016.wav,cpop,1,27.0,27.0,0.0,48000,24000,1
17,17,0,datasets/audios/eastern_data/cpop/cpop_017.wav,cpop,1,30.0,30.0,0.0,48000,24000,1
18,18,0,datasets/audios/eastern_data/cpop/cpop_018.wav,cpop,1,27.0,27.0,0.0,48000,24000,1
19,19,0,datasets/audios/eastern_data/cpop/cpop_019.wav,cpop,1,28.0,28.0,0.0,48000,24000,1
20,20,0,datasets/audios/eastern_data/cpop/cpop_020.wav,cpop,1,27.0,27.0,0.0,48000,24000,1
21,21,0,datasets/audios/eastern_data/cpop/cpop_021.wav,cpop,1,29.0,29.0,0.0,48000,24000,1
22,22,0,datasets/audios/eastern_data/cpop/cpop_022.wav,cpop,1,25.0,25.0,0.0,48000,24000,1
23,23,0,datasets/audios/eastern_data/cpop/cpop_023.wav,cpop,1,28.0,28.0,0.0,48000,24000,1
24,24,0,datasets/audios/eastern_data/cpop/cpop_024.wav,cpop,1,27.0,27.0,0.0,48000,24000,1
25,25,0,datasets/audios/eastern_data/cpop/cpop_025.wav,cpop,1,27.0,27.0,0.0,48000,24000,1
26,26,0,datasets/audios/eastern_data/cpop/cpop_026.wav,cpop,1,30.0,30.0,0.0,48000,24000,1
27,27,0,datasets/audios/eastern_data/cpop/cpop_027.wav,cpop,1,37.0,37.0,0.0,48000,24000,2
28,28,0,datasets/audios/eastern_data/cpop/cpop_028.wav,cpop,1,25.0,25.0,0.0,48000,24000,1
29,29,0,datasets/audios/eastern_data/cpop/cpop_029.wav,cpop,1,29.0,29.0,0.0,48000,24000,1
30,30,0,datasets/audios/eastern_data/cpop/cpop_030.wav,cpop,1,27.0,27.0,0.0,48000,24000,1
31,31,0,datasets/audios/eastern_data/cpop/cpop_031.wav,cpop,1,28.0,28.0,0.0,48000,24000,1
32,32,0,datasets/audios/eastern_data/cpop/cpop_032.wav,cpop,1,28.0,28.0,0.0,48000,24000,1
33,33,0,datasets/audios/eastern_data/cpop/cpop_033.wav,cpop,1,24.0,24.0,0.0,48000,24000,1
34,34,0,datasets/audios/eastern_data/cpop/cpop_034.wav,cpop,1,31.0,31.0,0.0,48000,24000,2
35,35,0,datasets/audios/eastern_data/cpop/cpop_035.wav,cpop,1,29.0,29.0,0.0,48000,24000,1
36,36,0,datasets/audios/eastern_data/cpop/cpop_036.wav,cpop,1,26.0,26.0,0.0,48000,24000,1
37,37,0,datasets/audios/eastern_data/cpop/cpop_037.wav,cpop,1,28.0,28.0,0.0,48000,24000,1
38,38,0,datasets/audios/eastern_data/cpop/cpop_038.wav,cpop,1,28.0,28.0,0.0,48000,24000,1
39,39,0,datasets/audios/eastern_data/cpop/cpop_039.wav,cpop,1,29.0,29.0,0.0,48000,24000,1
40,40,0,datasets/audios/eastern_data/cpop/cpop_040.wav,cpop,1,27.0,27.0,0.0,48000,24000,1
41,41,0,datasets/audios/eastern_data/cpop/cpop_041.wav,cpop,1,28.0,28.0,0.0,48000,24000,1
42,42,0,datasets/audios/eastern_data/cpop/cpop_042.wav,cpop,1,28.0,28.0,0.0,48000,24000,1
43,43,0,datasets/audios/eastern_data/cpop/cpop_043.wav,cpop,1,27.0,27.0,0.0,48000,24000,1
44,44,0,datasets/audios/eastern_data/cpop/cpop_044.wav,cpop,1,28.0,28.0,0.0,48000,24000,1
45,45,0,datasets/audios/eastern_data/cpop/cpop_045.wav,cpop,1,27.0,27.0,0.0,48000,24000,1
46,46,0,datasets/audios/eastern_data/cpop/cpop_046.wav,cpop,1,28.0,28.0,0.0,48000,24000,1
47,47,0,datasets/audios/eastern_data/cpop/cpop_047.wav,cpop,1,28.0,28.0,0.0,48000,24000,1
48,48,0,datasets/audios/eastern_data/cpop/cpop_048.wav,cpop,1,27.0,27.0,0.0,48000,24000,1
49,49,0,datasets/audios/eastern_data/cpop/cpop_049.wav,cpop,1,28.0,28.0,0.0,48000,24000,1
50,50,0,datasets/audios/eastern_data/cpop/cpop_050.wav,cpop,1,28.0,28.0,0.0,48000,24000,1
51,51,0,datasets/audios/eastern_data/cpop/cpop_051.wav,cpop,1,28.0,28.0,0.0,48000,24000,1
52,52,0,datasets/audios/eastern_data/cpop/cpop_052.wav,cpop,1,28.0,28.0,0.0,48000,24000,1
53,53,0,datasets/audios/eastern_data/cpop/cpop_053.wav,cpop,1,28.0,28.0,0.0,48000,24000,1
54,54,0,datasets/audios/eastern_data/cpop/cpop_054.wav,cpop,1,28.0,28.0,0.0,48000,24000,1
55,55,0,datasets/audios/eastern_data/cpop/cpop_055.wav,cpop,1,28.0,28.0,0.0,48000,24000,1
56,56,0,datasets/audios/eastern_data/cpop/cpop_056.wav,cpop,1,28.0,28.0,0.0,48000,24000,1
57,57,0,datasets/audios/eastern_data/cpop/cpop_057.wav,cpop,1,28.0,28.0,0.0,48000,24000,1
58,58,0,datasets/audios/eastern_data/cpop/cpop_058.wav,cpop,1,28.0,28.0,0.0,48000,24000,1
59,59,0,datasets/audios/eastern_data/cpop/cpop_059.wav,cpop,1,28.0,28.0,0.0,48000,24000,1
60,60,0,datasets/audios/eastern_data/cpop/cpop_060.wav,cpop,1,28.0,28.0,0.0,48000,24000,1
61,61,0,datasets/audios/eastern_data/cpop/cpop_061.wav,cpop,1,28.0,28.0,0.0,48000,24000,1
62,62,0,datasets/audios/eastern_data/cpop/cpop_062.wav,cpop,1,28.0,28.0,0.0,48000,24000,1
63,63,0,datasets/audios/eastern_data/cpop/cpop_063.wav,cpop,1,28.0,28.0,0.0,48000,24000,1
64,64,0,datasets/audios/eastern_data/cpop/cpop_064.wav,cpop,1,28.0,28.0,0.0,48000,24000,1
65,65,0,datasets/audios/eastern_data/cpop/cpop_065.wav,cpop,1,28.0,28.0,0.0,48000,24000,1
66,66,0,datasets/audios/eastern_data/cpop/cpop_066.wav,cpop,1,28.0,28.0,0.0,48000,24000,1
67,67,0,datasets/audios/eastern_data/cpop/cpop_067.wav,cpop,1,28.0,28.0,0.0,48000,24000,1
68,68,0,datasets/audios/eastern_data/cpop/cpop_068.wav,cpop,1,28.0,28.0,0.0,48000,24000,1
69,69,0,datasets/audios/eastern_data/cpop/cpop_069.wav,cpop,1,28.0,28.0,0.0,48000,24000,1
70,70,0,datasets/audios/eastern_data/cpop/cpop_070.wav,cpop,1,28.0,28.0,0.0,48000,24000,1
71,71,0,datasets/audios/eastern_data/cpop/cpop_071.wav,cpop,1,28.0,28.0,0.0,48000,24000,1
72,72,0,datasets/audios/eastern_data/cpop/cpop_072.wav,cpop,1,28.0,28.0,0.0,48000,24000,1
73,73,0,datasets/audios/eastern_data/cpop/cpop_073.wav,cpop,1,28.0,28.0,0.0,48000,24000,1
74,74,0,datasets/audios/eastern_data/cpop/cpop_074.wav,cpop,1,28.0,28.0,0.0,48000,24000,1
75,75,0,datasets/audios/eastern_data/cpop/cpop_075.wav,cpop,1,28.0,28.0,0.0,48000,24000,1
76,76,0,datasets/audios/eastern_data/cpop/cpop_076.wav,cpop,1,28.0,28.0,0.0,48000,24000,1
77,77,0,datasets/audios/eastern_data/cpop/cpop_077.wav,cpop,1,28.0,28.0,0.0,48000,24000,1
78,78,0,datasets/audios/eastern_data/cpop/cpop_078.wav,cpop,1,28.0,28.0,0.0,48000,24000,1
79,79,0,datasets/audios/eastern_data/cpop/cpop_079.wav,cpop,1,28.0,28.0,0.0,48000,24000,1
80,80,0,datasets/audios/eastern_data/cpop/cpop_080.wav,cpop,1,28.0,28.0,0.0,48000,24000,1
81,81,0,datasets/audios/eastern_data/cpop/cpop_081.wav,cpop,1,28.0,28.0,0.0,48000,24000,1
82,82,0,datasets/audios/eastern_data/cpop/cpop_082.wav,cpop,1,28.0,28.0,0.0,48000,24000,1
83,83,0,datasets/audios/eastern_data/cpop/cpop_083.wav,cpop,1,28.0,28.0,0.0,48000,24000,1
84,84,0,datasets/audios/eastern_data/cpop/cpop_084.wav,cpop,1,28.0,28.0,0.0,48000,24000,1
85,85,0,datasets/audios/eastern_data/cpop/cpop_085.wav,cpop,1,28.0,28.0,0.0,48000,24000,1
86,86,0,datasets/audios/eastern_data/cpop/cpop_086.wav,cpop,1,28.0,28.0,0.0,48000,24000,1
87,87,0,datasets/audios/eastern_data/cpop/cpop_087.wav,cpop,1,28.0,28.0,0.0,48000,24000,1
88,88,0,datasets/audios/eastern_data/cpop/cpop_088.wav,cpop,1,28.0,28.0,0.0,48000,24000,1
89,89,0,datasets/audios/eastern_data/cpop/cpop_089.wav,cpop,1,28.0,28.0,0.0,48000,24000,1
90,90,0,datasets/audios/eastern_data/cpop/cpop_090.wav,cpop,1,28.0,28.0,0.0,48000,24000,1
91,91,0,datasets/audios/eastern_data/cpop/cpop_091.wav,cpop,1,28.0,28.0,0.0,48000,24000,1
92,92,0,datasets/audios/eastern_data/cpop/cpop_092.wav,cpop,1,28.0,28.0,0.0,48000,24000,1
93,93,0,datasets/audios/eastern_data/cpop/cpop_093.wav,cpop,1,28.0,28.0,0.0,48000,24000,1
94,94,0,datasets/audios/eastern_data/cpop/cpop_094.wav,cpop,1,28.0,28.0,0.0,48000,24000,1
95,95,0,datasets/audios/eastern_data/cpop/cpop_095.wav,cpop,1,28.0,28.0,0.0,48000,24000,1
96,96,0,datasets/audios/eastern_data/cpop/cpop_096.wav,cpop,1,28.0,28.0,0.0,48000,24000,1
97,97,0,datasets/audios/eastern_data/cpop/cpop_097.wav,cpop,1,28.0,28.0,0.0,48000,24000,1
98,98,0,datasets/audios/eastern_data/cpop/cpop_098.wav,cpop,1,28.0,28.0,0.0,48000,24000,1
99,99,0,datasets/audios/eastern_data/cpop/cpop_099.wav,cpop,1,28.0,28.0,0.0,48000,24000,1
100,100,0,datasets/audios/eastern_data/enka/enka_000.wav,enka,2,120.0,120.0,0.0,24000,24000,4
101,101,0,datasets/audios/eastern_data/enka/enka_001.wav,enka,2,120.0,120.0,0.0,24000,24000,4
102,102,0,datasets/audios/eastern_data/enka/enka_002.wav,enka,2,120.0,120.0,0.0,24000,24000,4
103,103,0,datasets/audios/eastern_data/enka/enka_003.wav,enka,2,120.0,120.0,0.0,24000,24000,4
104,104,0,datasets/audios/eastern_data/enka/enka_004.wav,enka,2,120.0,120.0,0.0,24000,24000,4
105,105,0,datasets/audios/eastern_data/enka/enka_005.wav,enka,2,120.0,120.0,0.0,24000,24000,4
106,106,0,datasets/audios/eastern_data/enka/enka_006.wav,enka,2,120.0,120.0,0.0,24000,24000,4
107,107,0,datasets/audios/eastern_data/enka/enka_007.wav,enka,2,120.0,120.0,0.0,24000,24000,4
108,108,0,datasets/audios/eastern_data/enka/enka_008.wav,enka,2,120.0,120.0,0.0,24000,24000,4
109,109,0,datasets/audios/eastern_data/enka/enka_009.wav,enka,2,120.0,120.0,0.0,24000,24000,4
110,110,0,datasets/audios/eastern_data/enka/enka_010.wav,enka,2,120.0,120.0,0.0,24000,24000,4
111,111,0,datasets/audios/eastern_data/enka/enka_011.wav,enka,2,120.0,120.0,0.0,24000,24000,4
112,112,0,datasets/audios/eastern_data/enka/enka_012.wav,enka,2,120.0,120.0,0.0,24000,24000,4
113,113,0,datasets/audios/eastern_data/enka/enka_013.wav,enka,2,120.0,120.0,0.0,24000,24000,4
114,114,0,datasets/audios/eastern_data/enka/enka_014.wav,enka,2,120.0,120.0,0.0,24000,24000,4
115,115,0,datasets/audios/eastern_data/enka/enka_015.wav,enka,2,120.0,120.0,0.0,24000,24000,4
116,116,0,datasets/audios/eastern_data/enka/enka_016.wav,enka,2,120.0,120.0,0.0,24000,24000,4
117,117,0,datasets/audios/eastern_data/enka/enka_017.wav,enka,2,120.0,120.0,0.0,24000,24000,4
118,118,0,datasets/audios/eastern_data/enka/enka_018.wav,enka,2,120.0,120.0,0.0,24000,24000,4
119,119,0,datasets/audios/eastern_data/enka/enka_019.wav,enka,2,120.0,120.0,0.0,24000,24000,4
120,120,0,datasets/audios/eastern_data/enka/enka_020.wav,enka,2,120.0,120.0,0.0,24000,24000,4
121,121,0,datasets/audios/eastern_data/enka/enka_021.wav,enka,2,120.0,120.0,0.0,24000,24000,4
122,122,0,datasets/audios/eastern_data/enka/enka_022.wav,enka,2,120.0,120.0,0.0,24000,24000,4
123,123,0,datasets/audios/eastern_data/enka/enka_023.wav,enka,2,120.0,120.0,0.0,24000,24000,4
124,124,0,datasets/audios/eastern_data/enka/enka_024.wav,enka,2,120.0,120.0,0.0,24000,24000,4
125,125,0,datasets/audios/eastern_data/enka/enka_025.wav,enka,2,120.0,120.0,0.0,24000,24000,4
126,126,0,datasets/audios/eastern_data/enka/enka_026.wav,enka,2,120.0,120.0,0.0,24000,24000,4
127,127,0,datasets/audios/eastern_data/enka/enka_027.wav,enka,2,120.0,120.0,0.0,24000,24000,4
128,128,0,datasets/audios/eastern_data/enka/enka_028.wav,enka,2,120.0,120.0,0.0,24000,24000,4
129,129,0,datasets/audios/eastern_data/enka/enka_029.wav,enka,2,120.0,120.0,0.0,24000,24000,4
130,130,0,datasets/audios/eastern_data/enka/enka_030.wav,enka,2,120.0,120.0,0.0,24000,24000,4
131,131,0,datasets/audios/eastern_data/enka/enka_031.wav,enka,2,120.0,120.0,0.0,24000,24000,4
132,132,0,datasets/audios/eastern_data/enka/enka_032.wav,enka,2,120.0,120.0,0.0,24000,24000,4
133,133,0,datasets/audios/eastern_data/enka/enka_033.wav,enka,2,120.0,120.0,0.0,24000,24000,4
134,134,0,datasets/audios/eastern_data/enka/enka_034.wav,enka,2,120.0,120.0,0.0,24000,24000,4
135,135,0,datasets/audios/eastern_data/enka/enka_035.wav,enka,2,120.0,120.0,0.0,24000,24000,4
136,136,0,datasets/audios/eastern_data/enka/enka_036.wav,enka,2,120.0,120.0,0.0,24000,24000,4
137,137,0,datasets/audios/eastern_data/enka/enka_037.wav,enka,2,120.0,120.0,0.0,24000,24000,4
138,138,0,datasets/audios/eastern_data/enka/enka_038.wav,enka,2,120.0,120.0,0.0,24000,24000,4
139,139,0,datasets/audios/eastern_data/guqinguzheng/guqinguzheng_000.wav,guqinguzheng,3,533.362375,533.362375,0.0,44100,24000,18
140,140,0,datasets/audios/eastern_data/guqinguzheng/guqinguzheng_001.wav,guqinguzheng,3,327.772875,327.772875,0.0,44100,24000,11
141,141,0,datasets/audios/eastern_data/guqinguzheng/guqinguzheng_002.wav,guqinguzheng,3,274.32054166666666,274.32054166666666,0.0,44100,24000,10
142,142,0,datasets/audios/eastern_data/guqinguzheng/guqinguzheng_003.wav,guqinguzheng,3,660.0736666666667,660.0,0.07366666666666667,44100,24000,22
143,143,0,datasets/audios/eastern_data/guqinguzheng/guqinguzheng_004.wav,guqinguzheng,3,106.765375,106.765375,0.0,44100,24000,4
144,144,0,datasets/audios/eastern_data/guqinguzheng/guqinguzheng_005.wav,guqinguzheng,3,253.86379166666666,253.86379166666666,0.0,44100,24000,9
145,145,0,datasets/audios/eastern_data/guqinguzheng/guqinguzheng_006.wav,guqinguzheng,3,237.91166666666666,237.91166666666666,0.0,44100,24000,8
146,146,0,datasets/audios/eastern_data/guqinguzheng/guqinguzheng_007.wav,guqinguzheng,3,130.147875,130.147875,0.0,44100,24000,5
147,147,0,datasets/audios/eastern_data/guqinguzheng/guqinguzheng_008.wav,guqinguzheng,3,224.07258333333334,224.07258333333334,0.0,44100,24000,8
148,148,0,datasets/audios/eastern_data/guqinguzheng/guqinguzheng_009.wav,guqinguzheng,3,359.259125,359.259125,0.0,44100,24000,12
149,149,0,datasets/audios/eastern_data/guqinguzheng/guqinguzheng_010.wav,guqinguzheng,3,255.46595833333333,255.46595833333333,0.0,44100,24000,9
150,150,0,datasets/audios/eastern_data/guqinguzheng/guqinguzheng_011.wav,guqinguzheng,3,332.7146666666667,332.7146666666667,0.0,48000,24000,12
151,151,0,datasets/audios/eastern_data/guqinguzheng/guqinguzheng_012.wav,guqinguzheng,3,178.53825,178.53825,0.0,44100,24000,6
152,152,0,datasets/audios/eastern_data/guqinguzheng/guqinguzheng_013.wav,guqinguzheng,3,270.90720833333336,270.0,0.9072083333333333,44100,24000,9
153,153,0,datasets/audios/eastern_data/guqinguzheng/guqinguzheng_014.wav,guqinguzheng,3,202.08329166666667,202.08329166666667,0.0,44100,24000,7
154,154,0,datasets/audios/eastern_data/guqinguzheng/guqinguzheng_015.wav,guqinguzheng,3,188.89433333333332,188.89433333333332,0.0,44100,24000,7
155,155,0,datasets/audios/eastern_data/guqinguzheng/guqinguzheng_016.wav,guqinguzheng,3,268.97995833333334,268.97995833333334,0.0,44100,24000,9
156,156,0,datasets/audios/eastern_data/guqinguzheng/guqinguzheng_017.wav,guqinguzheng,3,189.96245833333333,189.96245833333333,0.0,44100,24000,7
157,157,0,datasets/audios/eastern_data/guqinguzheng/guqinguzheng_018.wav,guqinguzheng,3,251.37925,251.37925,0.0,44100,24000,9
158,158,0,datasets/audios/eastern_data/guqinguzheng/guqinguzheng_019.wav,guqinguzheng,3,381.22520833333334,381.22520833333334,0.0,44100,24000,13
159,159,0,datasets/audios/eastern_data/guqinguzheng/guqinguzheng_020.wav,guqinguzheng,3,397.57208333333335,397.57208333333335,0.0,44100,24000,14
160,160,0,datasets/audios/eastern_data/guqinguzheng/guqinguzheng_021.wav,guqinguzheng,3,188.61570833333334,188.61570833333334,0.0,44100,24000,7
161,161,0,datasets/audios/eastern_data/guqinguzheng/guqinguzheng_022.wav,guqinguzheng,3,229.57570833333332,229.57570833333332,0.0,44100,24000,8
162,162,0,datasets/audios/eastern_data/guqinguzheng/guqinguzheng_023.wav,guqinguzheng,3,93.78541666666666,93.78541666666666,0.0,44100,24000,4
163,163,0,datasets/audios/eastern_data/guqinguzheng/guqinguzheng_024.wav,guqinguzheng,3,338.8255833333333,338.8255833333333,0.0,44100,24000,12
164,164,0,datasets/audios/eastern_data/guqinguzheng/guqinguzheng_025.wav,guqinguzheng,3,286.255625,286.255625,0.0,44100,24000,10
165,165,0,datasets/audios/eastern_data/guqinguzheng/guqinguzheng_026.wav,guqinguzheng,3,267.42420833333335,267.42420833333335,0.0,44100,24000,9
166,166,0,datasets/audios/eastern_data/guqinguzheng/guqinguzheng_027.wav,guqinguzheng,3,430.1653333333333,430.1653333333333,0.0,48000,24000,15
167,167,0,datasets/audios/eastern_data/guqinguzheng/guqinguzheng_028.wav,guqinguzheng,3,103.35204166666666,103.35204166666666,0.0,44100,24000,4
168,168,0,datasets/audios/eastern_data/guqinguzheng/guqinguzheng_029.wav,guqinguzheng,3,235.28779166666666,235.28779166666666,0.0,44100,24000,8
169,169,0,datasets/audios/eastern_data/guqinguzheng/guqinguzheng_030.wav,guqinguzheng,3,283.538875,283.538875,0.0,44100,24000,10
170,170,0,datasets/audios/eastern_data/guqinguzheng/guqinguzheng_031.wav,guqinguzheng,3,297.00266666666664,297.00266666666664,0.0,48000,24000,10
171,171,0,datasets/audios/eastern_data/guqinguzheng/guqinguzheng_032.wav,guqinguzheng,3,111.45579166666667,111.45579166666667,0.0,44100,24000,4
172,172,0,datasets/audios/eastern_data/guqinguzheng/guqinguzheng_033.wav,guqinguzheng,3,287.9042083333333,287.9042083333333,0.0,44100,24000,10
173,173,0,datasets/audios/eastern_data/guqinguzheng/guqinguzheng_034.wav,guqinguzheng,3,364.7146666666667,364.7146666666667,0.0,48000,24000,13
174,174,0,datasets/audios/eastern_data/guqinguzheng/guqinguzheng_035.wav,guqinguzheng,3,444.03520833333334,444.03520833333334,0.0,44100,24000,15
175,175,0,datasets/audios/eastern_data/guqinguzheng/guqinguzheng_036.wav,guqinguzheng,3,214.52916666666667,214.52916666666667,0.0,44100,24000,8
176,176,0,datasets/audios/eastern_data/guqinguzheng/guqinguzheng_037.wav,guqinguzheng,3,241.83583333333334,241.83583333333334,0.0,44100,24000,9
177,177,0,datasets/audios/eastern_data/guqinguzheng/guqinguzheng_038.wav,guqinguzheng,3,254.14241666666666,254.14241666666666,0.0,44100,24000,9
178,178,0,datasets/audios/eastern_data/guqinguzheng/guqinguzheng_039.wav,guqinguzheng,3,321.1784166666667,321.1784166666667,0.0,44100,24000,11
179,179,0,datasets/audios/eastern_data/guqinguzheng/guqinguzheng_040.wav,guqinguzheng,3,270.09454166666666,270.0,0.09454166666666666,44100,24000,9
180,180,0,datasets/audios/eastern_data/guqinguzheng/guqinguzheng_041.wav,guqinguzheng,3,237.2615,237.2615,0.0,44100,24000,8
181,181,0,datasets/audios/eastern_data/guqinguzheng/guqinguzheng_042.wav,guqinguzheng,3,354.057875,354.057875,0.0,44100,24000,12
182,182,0,datasets/audios/eastern_data/guqinguzheng/guqinguzheng_043.wav,guqinguzheng,3,230.31875,230.31875,0.0,44100,24000,8
183,183,0,datasets/audios/eastern_data/guqinguzheng/guqinguzheng_044.wav,guqinguzheng,3,232.66133333333335,232.66133333333335,0.0,48000,24000,8
184,184,0,datasets/audios/eastern_data/guqinguzheng/guqinguzheng_045.wav,guqinguzheng,3,361.0935,361.0935,0.0,44100,24000,13
185,185,0,datasets/audios/eastern_data/guqinguzheng/guqinguzheng_046.wav,guqinguzheng,3,370.89233333333334,370.89233333333334,0.0,44100,24000,13
186,186,0,datasets/audios/eastern_data/guqinguzheng/guqinguzheng_047.wav,guqinguzheng,3,108.112125,108.112125,0.0,44100,24000,4
187,187,0,datasets/audios/eastern_data/guqinguzheng/guqinguzheng_048.wav,guqinguzheng,3,220.49670833333334,220.49670833333334,0.0,44100,24000,8
188,188,0,datasets/audios/eastern_data/guqinguzheng/guqinguzheng_049.wav,guqinguzheng,3,216.61895833333332,216.61895833333332,0.0,44100,24000,8
189,189,0,datasets/audios/eastern_data/guqinguzheng/guqinguzheng_050.wav,guqinguzheng,3,226.71966666666665,226.71966666666665,0.0,44100,24000,8
190,190,0,datasets/audios/eastern_data/guqinguzheng/guqinguzheng_051.wav,guqinguzheng,3,144.59066666666666,144.59066666666666,0.0,44100,24000,5
191,191,0,datasets/audios/eastern_data/guqinguzheng/guqinguzheng_052.wav,guqinguzheng,3,300.0715,300.0,0.0715,44100,24000,10
192,192,0,datasets/audios/eastern_data/guqinguzheng/guqinguzheng_053.wav,guqinguzheng,3,290.0636666666667,290.0636666666667,0.0,44100,24000,10
193,193,0,datasets/audios/eastern_data/guqinguzheng/guqinguzheng_054.wav,guqinguzheng,3,273.484625,273.484625,0.0,44100,24000,10
194,194,0,datasets/audios/eastern_data/guqinguzheng/guqinguzheng_055.wav,guqinguzheng,3,335.319375,335.319375,0.0,44100,24000,12
195,195,0,datasets/audios/eastern_data/guqinguzheng/guqinguzheng_056.wav,guqinguzheng,3,148.72383333333335,148.72383333333335,0.0,44100,24000,5
196,196,0,datasets/audios/eastern_data/guqinguzheng/guqinguzheng_057.wav,guqinguzheng,3,266.9830416666667,266.9830416666667,0.0,44100,24000,9
197,197,0,datasets/audios/eastern_data/guqinguzheng/guqinguzheng_058.wav,guqinguzheng,3,209.722625,209.722625,0.0,44100,24000,7
198,198,0,datasets/audios/eastern_data/guqinguzheng/guqinguzheng_059.wav,guqinguzheng,3,134.46679166666667,134.46679166666667,0.0,44100,24000,5
199,199,0,datasets/audios/eastern_data/guqinguzheng/guqinguzheng_060.wav,guqinguzheng,3,330.118125,330.0,0.118125,44100,24000,11
200,200,0,datasets/audios/eastern_data/guqinguzheng/guqinguzheng_061.wav,guqinguzheng,3,153.99475,153.99475,0.0,44100,24000,6
201,201,0,datasets/audios/eastern_data/guqinguzheng/guqinguzheng_062.wav,guqinguzheng,3,333.3224583333333,333.3224583333333,0.0,44100,24000,12
202,202,0,datasets/audios/eastern_data/guqinguzheng/guqinguzheng_063.wav,guqinguzheng,3,219.63754166666666,219.63754166666666,0.0,44100,24000,8
203,203,0,datasets/audios/eastern_data/guqinguzheng/guqinguzheng_064.wav,guqinguzheng,3,288.32,288.32,0.0,48000,24000,10
204,204,0,datasets/audios/eastern_data/guqinguzheng/guqinguzheng_065.wav,guqinguzheng,3,231.87445833333334,231.87445833333334,0.0,44100,24000,8
205,205,0,datasets/audios/eastern_data/guqinguzheng/guqinguzheng_066.wav,guqinguzheng,3,334.2744583333333,334.2744583333333,0.0,44100,24000,12
206,206,0,datasets/audios/eastern_data/guqinguzheng/guqinguzheng_067.wav,guqinguzheng,3,379.1354166666667,379.1354166666667,0.0,44100,24000,13
207,207,0,datasets/audios/eastern_data/guqinguzheng/guqinguzheng_068.wav,guqinguzheng,3,312.796,312.796,0.0,44100,24000,11
208,208,0,datasets/audios/eastern_data/guqinguzheng/guqinguzheng_069.wav,guqinguzheng,3,268.288,268.288,0.0,48000,24000,9
209,209,0,datasets/audios/eastern_data/guqinguzheng/guqinguzheng_070.wav,guqinguzheng,3,143.63866666666667,143.63866666666667,0.0,44100,24000,5
210,210,0,datasets/audios/eastern_data/guqinguzheng/guqinguzheng_071.wav,guqinguzheng,3,117.35366666666667,117.35366666666667,0.0,44100,24000,4
211,211,0,datasets/audios/eastern_data/guqinguzheng/guqinguzheng_072.wav,guqinguzheng,3,135.85995833333334,135.85995833333334,0.0,44100,24000,5
212,212,0,datasets/audios/eastern_data/guqinguzheng/guqinguzheng_073.wav,guqinguzheng,3,425.48245833333334,425.48245833333334,0.0,44100,24000,15
213,213,0,datasets/audios/eastern_data/guqinguzheng/guqinguzheng_074.wav,guqinguzheng,3,99.427875,99.427875,0.0,44100,24000,4
214,214,0,datasets/audios/eastern_data/guqinguzheng/guqinguzheng_075.wav,guqinguzheng,3,253.26004166666667,253.26004166666667,0.0,44100,24000,9
215,215,0,datasets/audios/eastern_data/guqinguzheng/guqinguzheng_076.wav,guqinguzheng,3,628.2390833333334,628.2390833333334,0.0,44100,24000,21
216,216,0,datasets/audios/eastern_data/guqinguzheng/guqinguzheng_077.wav,guqinguzheng,3,133.30579166666666,133.30579166666666,0.0,44100,24000,5
217,217,0,datasets/audios/eastern_data/guqinguzheng/guqinguzheng_078.wav,guqinguzheng,3,322.22333333333336,322.22333333333336,0.0,44100,24000,11
218,218,0,datasets/audios/eastern_data/guqinguzheng/guqinguzheng_079.wav,guqinguzheng,3,370.77625,370.77625,0.0,44100,24000,13
219,219,0,datasets/audios/eastern_data/guqinguzheng/guqinguzheng_080.wav,guqinguzheng,3,386.26395833333333,386.26395833333333,0.0,44100,24000,13
220,220,0,datasets/audios/eastern_data/guqinguzheng/guqinguzheng_081.wav,guqinguzheng,3,251.05416666666667,251.05416666666667,0.0,44100,24000,9
221,221,0,datasets/audios/eastern_data/guqinguzheng/guqinguzheng_082.wav,guqinguzheng,3,121.78866666666667,121.78866666666667,0.0,44100,24000,5
222,222,0,datasets/audios/eastern_data/guqinguzheng/guqinguzheng_083.wav,guqinguzheng,3,313.2139583333333,313.2139583333333,0.0,44100,24000,11
223,223,0,datasets/audios/eastern_data/guqinguzheng/guqinguzheng_084.wav,guqinguzheng,3,277.3159166666667,277.3159166666667,0.0,44100,24000,10
224,224,0,datasets/audios/eastern_data/guqinguzheng/guqinguzheng_085.wav,guqinguzheng,3,196.46404166666667,196.46404166666667,0.0,44100,24000,7
225,225,0,datasets/audios/eastern_data/guqinguzheng/guqinguzheng_086.wav,guqinguzheng,3,161.88954166666667,161.88954166666667,0.0,44100,24000,6
226,226,0,datasets/audios/eastern_data/guqinguzheng/guqinguzheng_087.wav,guqinguzheng,3,343.516,343.516,0.0,44100,24000,12
227,227,0,datasets/audios/eastern_data/guqinguzheng/guqinguzheng_088.wav,guqinguzheng,3,302.53279166666664,302.53279166666664,0.0,44100,24000,11
228,228,0,datasets/audios/eastern_data/guqinguzheng/guqinguzheng_089.wav,guqinguzheng,3,303.717,303.717,0.0,44100,24000,11
229,229,0,datasets/audios/eastern_data/guqinguzheng/guqinguzheng_090.wav,guqinguzheng,3,302.41670833333336,302.41670833333336,0.0,44100,24000,11
230,230,0,datasets/audios/eastern_data/guqinguzheng/guqinguzheng_091.wav,guqinguzheng,3,429.15120833333333,429.15120833333333,0.0,44100,24000,15
231,231,0,datasets/audios/eastern_data/guqinguzheng/guqinguzheng_092.wav,guqinguzheng,3,319.59945833333336,319.59945833333336,0.0,44100,24000,11
232,232,0,datasets/audios/eastern_data/guqinguzheng/guqinguzheng_093.wav,guqinguzheng,3,188.37333333333333,188.37333333333333,0.0,48000,24000,7
233,233,0,datasets/audios/eastern_data/guqinguzheng/guqinguzheng_094.wav,guqinguzheng,3,429.73170833333336,429.73170833333336,0.0,44100,24000,15
234,234,0,datasets/audios/eastern_data/guqinguzheng/guqinguzheng_095.wav,guqinguzheng,3,276.572875,276.572875,0.0,44100,24000,10
235,235,0,datasets/audios/eastern_data/guqinguzheng/guqinguzheng_096.wav,guqinguzheng,3,139.45908333333333,139.45908333333333,0.0,44100,24000,5
236,236,0,datasets/audios/eastern_data/guqinguzheng/guqinguzheng_097.wav,guqinguzheng,3,230.783125,230.783125,0.0,44100,24000,8
237,237,0,datasets/audios/eastern_data/guqinguzheng/guqinguzheng_098.wav,guqinguzheng,3,288.34541666666667,288.34541666666667,0.0,44100,24000,10
238,238,0,datasets/audios/eastern_data/guqinguzheng/guqinguzheng_099.wav,guqinguzheng,3,282.8655,282.8655,0.0,44100,24000,10
239,239,0,datasets/audios/eastern_data/jingju/jingju_000.wav,jingju,4,783.7663333333334,783.7663333333334,0.0,44100,24000,27
240,240,0,datasets/audios/eastern_data/jingju/jingju_001.wav,jingju,4,171.27041666666668,171.27041666666668,0.0,44100,24000,6
241,241,0,datasets/audios/eastern_data/jingju/jingju_002.wav,jingju,4,1143.4434166666667,1143.4434166666667,0.0,44100,24000,39
242,242,0,datasets/audios/eastern_data/jingju/jingju_003.wav,jingju,4,135.02404166666668,135.02404166666668,0.0,44100,24000,5
243,243,0,datasets/audios/eastern_data/jingju/jingju_004.wav,jingju,4,72.44629166666667,72.44629166666667,0.0,44100,24000,3
244,244,0,datasets/audios/eastern_data/jingju/jingju_005.wav,jingju,4,89.768375,89.768375,0.0,44100,24000,3
245,245,0,datasets/audios/eastern_data/jingju/jingju_006.wav,jingju,4,110.94495833333333,110.94495833333333,0.0,44100,24000,4
246,246,0,datasets/audios/eastern_data/jingju/jingju_007.wav,jingju,4,193.81695833333333,193.81695833333333,0.0,44100,24000,7
247,247,0,datasets/audios/eastern_data/jingju/jingju_008.wav,jingju,4,90.67395833333333,90.0,0.6739583333333333,44100,24000,3
248,248,0,datasets/audios/eastern_data/jingju/jingju_009.wav,jingju,4,500.64545833333335,500.64545833333335,0.0,44100,24000,17
249,249,0,datasets/audios/eastern_data/jingju/jingju_010.wav,jingju,4,305.3424166666667,305.3424166666667,0.0,44100,24000,11
250,250,0,datasets/audios/eastern_data/jingju/jingju_011.wav,jingju,4,210.512125,210.0,0.512125,44100,24000,7
251,251,0,datasets/audios/eastern_data/jingju/jingju_012.wav,jingju,4,37.059083333333334,37.059083333333334,0.0,44100,24000,2
252,252,0,datasets/audios/eastern_data/jingju/jingju_013.wav,jingju,4,416.7285416666667,416.7285416666667,0.0,44100,24000,14
253,253,0,datasets/audios/eastern_data/jingju/jingju_014.wav,jingju,4,236.216625,236.216625,0.0,44100,24000,8
254,254,0,datasets/audios/eastern_data/jingju/jingju_015.wav,jingju,4,105.04708333333333,105.04708333333333,0.0,44100,24000,4
255,255,0,datasets/audios/eastern_data/jingju/jingju_016.wav,jingju,4,798.5806666666666,798.5806666666666,0.0,44100,24000,27
256,256,0,datasets/audios/eastern_data/jingju/jingju_017.wav,jingju,4,151.974625,151.974625,0.0,44100,24000,6
257,257,0,datasets/audios/eastern_data/jingju/jingju_018.wav,jingju,4,469.8093333333333,469.8093333333333,0.0,44100,24000,16
258,258,0,datasets/audios/eastern_data/jingju/jingju_019.wav,jingju,4,146.63404166666666,146.63404166666666,0.0,44100,24000,5
259,259,0,datasets/audios/eastern_data/jingju/jingju_020.wav,jingju,4,241.78941666666665,241.78941666666665,0.0,44100,24000,9
260,260,0,datasets/audios/eastern_data/jingju/jingju_021.wav,jingju,4,91.81170833333333,91.81170833333333,0.0,44100,24000,4
261,261,0,datasets/audios/eastern_data/jingju/jingju_022.wav,jingju,4,119.46666666666667,119.46666666666667,0.0,44100,24000,4
262,262,0,datasets/audios/eastern_data/jingju/jingju_023.wav,jingju,4,764.4705833333334,764.4705833333334,0.0,44100,24000,26
263,263,0,datasets/audios/eastern_data/jingju/jingju_024.wav,jingju,4,189.42841666666666,189.42841666666666,0.0,44100,24000,7
264,264,0,datasets/audios/eastern_data/jingju/jingju_025.wav,jingju,4,470.157625,470.157625,0.0,44100,24000,16
265,265,0,datasets/audios/eastern_data/jingju/jingju_026.wav,jingju,4,739.4394166666667,739.4394166666667,0.0,44100,24000,25
266,266,0,datasets/audios/eastern_data/jingju/jingju_027.wav,jingju,4,499.25225,499.25225,0.0,44100,24000,17
267,267,0,datasets/audios/eastern_data/jingju/jingju_028.wav,jingju,4,553.2154166666667,553.2154166666667,0.0,44100,24000,19
268,268,0,datasets/audios/eastern_data/jingju/jingju_029.wav,jingju,4,434.90133333333335,434.90133333333335,0.0,48000,24000,15
269,269,0,datasets/audios/eastern_data/jingju/jingju_030.wav,jingju,4,355.590375,355.590375,0.0,44100,24000,12
270,270,0,datasets/audios/eastern_data/jingju/jingju_031.wav,jingju,4,237.12216666666666,237.12216666666666,0.0,44100,24000,8
271,271,0,datasets/audios/eastern_data/jingju/jingju_032.wav,jingju,4,644.93425,644.93425,0.0,44100,24000,22
272,272,0,datasets/audios/eastern_data/jingju/jingju_033.wav,jingju,4,167.02116666666666,167.02116666666666,0.0,44100,24000,6
273,273,0,datasets/audios/eastern_data/jingju/jingju_034.wav,jingju,4,155.48083333333332,155.48083333333332,0.0,44100,24000,6
274,274,0,datasets/audios/eastern_data/jingju/jingju_035.wav,jingju,4,141.29345833333332,141.29345833333332,0.0,44100,24000,5
275,275,0,datasets/audios/eastern_data/jingju/jingju_036.wav,jingju,4,152.25325,152.25325,0.0,44100,24000,6
276,276,0,datasets/audios/eastern_data/jingju/jingju_037.wav,jingju,4,363.64770833333336,363.64770833333336,0.0,44100,24000,13
277,277,0,datasets/audios/eastern_data/jingju/jingju_038.wav,jingju,4,323.70941666666664,323.70941666666664,0.0,44100,24000,11
278,278,0,datasets/audios/eastern_data/jingju/jingju_039.wav,jingju,4,136.85841666666667,136.85841666666667,0.0,44100,24000,5
279,279,0,datasets/audios/eastern_data/jingju/jingju_040.wav,jingju,4,385.729875,385.729875,0.0,44100,24000,13
280,280,0,datasets/audios/eastern_data/jingju/jingju_041.wav,jingju,4,211.81241666666668,211.81241666666668,0.0,44100,24000,8
281,281,0,datasets/audios/eastern_data/jingju/jingju_042.wav,jingju,4,798.5806666666666,798.5806666666666,0.0,44100,24000,27
282,282,0,datasets/audios/eastern_data/jingju/jingju_043.wav,jingju,4,193.79375,193.79375,0.0,44100,24000,7
283,283,0,datasets/audios/eastern_data/jingju/jingju_044.wav,jingju,4,90.67395833333333,90.0,0.6739583333333333,44100,24000,3
284,284,0,datasets/audios/eastern_data/jingju/jingju_045.wav,jingju,4,146.63404166666666,146.63404166666666,0.0,44100,24000,5
285,285,0,datasets/audios/eastern_data/jingju/jingju_046.wav,jingju,4,644.93425,644.93425,0.0,44100,24000,22
286,286,0,datasets/audios/eastern_data/jingju/jingju_047.wav,jingju,4,37.059083333333334,37.059083333333334,0.0,44100,24000,2
287,287,0,datasets/audios/eastern_data/jingju/jingju_048.wav,jingju,4,171.27041666666668,171.27041666666668,0.0,44100,24000,6
288,288,0,datasets/audios/eastern_data/jingju/jingju_049.wav,jingju,4,105.04708333333333,105.04708333333333,0.0,44100,24000,4
289,289,0,datasets/audios/eastern_data/jingju/jingju_050.wav,jingju,4,499.25225,499.25225,0.0,44100,24000,17
290,290,0,datasets/audios/eastern_data/jingju/jingju_051.wav,jingju,4,155.36475,155.36475,0.0,44100,24000,6
291,291,0,datasets/audios/eastern_data/jingju/jingju_052.wav,jingju,4,500.64545833333335,500.64545833333335,0.0,44100,24000,17
292,292,0,datasets/audios/eastern_data/jingju/jingju_053.wav,jingju,4,167.02116666666666,167.02116666666666,0.0,44100,24000,6
293,293,0,datasets/audios/eastern_data/jingju/jingju_054.wav,jingju,4,110.94495833333333,110.94495833333333,0.0,44100,24000,4
294,294,0,datasets/audios/eastern_data/jingju/jingju_055.wav,jingju,4,323.70941666666664,323.70941666666664,0.0,44100,24000,11
295,295,0,datasets/audios/eastern_data/jingju/jingju_056.wav,jingju,4,217.849625,217.849625,0.0,44100,24000,8
296,296,0,datasets/audios/eastern_data/jingju/jingju_057.wav,jingju,4,151.579875,151.579875,0.0,44100,24000,6
297,297,0,datasets/audios/eastern_data/jingju/jingju_058.wav,jingju,4,236.216625,236.216625,0.0,44100,24000,8
298,298,0,datasets/audios/eastern_data/jingju/jingju_059.wav,jingju,4,91.81170833333333,91.81170833333333,0.0,44100,24000,4
299,299,0,datasets/audios/eastern_data/jingju/jingju_060.wav,jingju,4,355.590375,355.590375,0.0,44100,24000,12
300,300,0,datasets/audios/eastern_data/jingju/jingju_061.wav,jingju,4,141.27020833333333,141.27020833333333,0.0,44100,24000,5
301,301,0,datasets/audios/eastern_data/jingju/jingju_062.wav,jingju,4,206.28608333333332,206.28608333333332,0.0,44100,24000,7
302,302,0,datasets/audios/eastern_data/jingju/jingju_063.wav,jingju,4,470.157625,470.157625,0.0,44100,24000,16
303,303,0,datasets/audios/eastern_data/jingju/jingju_064.wav,jingju,4,119.44345833333334,119.44345833333334,0.0,44100,24000,4
304,304,0,datasets/audios/eastern_data/jingju/jingju_065.wav,jingju,4,152.48545833333333,152.48545833333333,0.0,44100,24000,6
305,305,0,datasets/audios/eastern_data/jingju/jingju_066.wav,jingju,4,282.5172083333333,282.5172083333333,0.0,44100,24000,10
306,306,0,datasets/audios/eastern_data/jingju/jingju_067.wav,jingju,4,820.9415,820.9415,0.0,44100,24000,28
307,307,0,datasets/audios/eastern_data/jingju/jingju_068.wav,jingju,4,275.38866666666667,275.38866666666667,0.0,44100,24000,10
308,308,0,datasets/audios/eastern_data/jingju/jingju_069.wav,jingju,4,556.0250416666667,556.0250416666667,0.0,44100,24000,19
309,309,0,datasets/audios/eastern_data/jingju/jingju_070.wav,jingju,4,764.4473333333333,764.4473333333333,0.0,44100,24000,26
310,310,0,datasets/audios/eastern_data/jingju/jingju_071.wav,jingju,4,879.6415833333333,879.6415833333333,0.0,44100,24000,30
311,311,0,datasets/audios/eastern_data/jingju/jingju_072.wav,jingju,4,806.847,806.847,0.0,44100,24000,27
312,312,0,datasets/audios/eastern_data/jingju/jingju_073.wav,jingju,4,189.42841666666666,189.42841666666666,0.0,44100,24000,7
313,313,0,datasets/audios/eastern_data/jingju/jingju_074.wav,jingju,4,434.90133333333335,434.90133333333335,0.0,48000,24000,15
314,314,0,datasets/audios/eastern_data/jingju/jingju_075.wav,jingju,4,528.997,528.997,0.0,44100,24000,18
315,315,0,datasets/audios/eastern_data/jingju/jingju_076.wav,jingju,4,259.66875,259.66875,0.0,44100,24000,9
316,316,0,datasets/audios/eastern_data/jingju/jingju_077.wav,jingju,4,456.08633333333336,456.08633333333336,0.0,44100,24000,16
317,317,0,datasets/audios/eastern_data/jingju/jingju_078.wav,jingju,4,305.2495416666667,305.2495416666667,0.0,44100,24000,11
318,318,0,datasets/audios/eastern_data/jingju/jingju_079.wav,jingju,4,1535.7678333333333,1535.7678333333333,0.0,44100,24000,52
319,319,0,datasets/audios/eastern_data/jingju/jingju_080.wav,jingju,4,86.44266666666667,86.44266666666667,0.0,48000,24000,3
320,320,0,datasets/audios/eastern_data/jingju/jingju_081.wav,jingju,4,136.85841666666667,136.85841666666667,0.0,44100,24000,5
321,321,0,datasets/audios/eastern_data/jingju/jingju_082.wav,jingju,4,72.44629166666667,72.44629166666667,0.0,44100,24000,3
322,322,0,datasets/audios/eastern_data/jingju/jingju_083.wav,jingju,4,553.1922083333334,553.1922083333334,0.0,44100,24000,19
323,323,0,datasets/audios/eastern_data/jingju/jingju_084.wav,jingju,4,278.40725,278.40725,0.0,44100,24000,10
324,324,0,datasets/audios/eastern_data/jingju/jingju_085.wav,jingju,4,215.66695833333333,215.66695833333333,0.0,44100,24000,8
325,325,0,datasets/audios/eastern_data/jingju/jingju_086.wav,jingju,4,389.25933333333336,389.25933333333336,0.0,44100,24000,13
326,326,0,datasets/audios/eastern_data/jingju/jingju_087.wav,jingju,4,385.729875,385.729875,0.0,44100,24000,13
327,327,0,datasets/audios/eastern_data/jingju/jingju_088.wav,jingju,4,211.81241666666668,211.81241666666668,0.0,44100,24000,8
328,328,0,datasets/audios/eastern_data/jingju/jingju_089.wav,jingju,4,151.95141666666666,151.95141666666666,0.0,44100,24000,6
329,329,0,datasets/audios/eastern_data/jingju/jingju_090.wav,jingju,4,456.43466666666666,456.43466666666666,0.0,44100,24000,16
330,330,0,datasets/audios/eastern_data/jingju/jingju_091.wav,jingju,4,469.8093333333333,469.8093333333333,0.0,44100,24000,16
331,331,0,datasets/audios/eastern_data/jingju/jingju_092.wav,jingju,4,152.23004166666666,152.23004166666666,0.0,44100,24000,6
332,332,0,datasets/audios/eastern_data/jingju/jingju_093.wav,jingju,4,210.512125,210.0,0.512125,44100,24000,7
333,333,0,datasets/audios/eastern_data/jingju/jingju_094.wav,jingju,4,89.768375,89.768375,0.0,44100,24000,3
334,334,0,datasets/audios/eastern_data/jingju/jingju_095.wav,jingju,4,1143.4434166666667,1143.4434166666667,0.0,44100,24000,39
335,335,0,datasets/audios/eastern_data/jingju/jingju_096.wav,jingju,4,134.95466666666667,134.95466666666667,0.0,48000,24000,5
336,336,0,datasets/audios/eastern_data/jingju/jingju_097.wav,jingju,4,84.224,84.224,0.0,48000,24000,3
337,337,0,datasets/audios/eastern_data/jingju/jingju_098.wav,jingju,4,363.6245,363.6245,0.0,44100,24000,13
338,338,0,datasets/audios/eastern_data/jingju/jingju_099.wav,jingju,4,416.70529166666665,416.70529166666665,0.0,44100,24000,14
339,339,0,datasets/audios/eastern_data/jpop/jpop_000.wav,jpop,5,120.0,120.0,0.0,44100,24000,4
340,340,0,datasets/audios/eastern_data/jpop/jpop_001.wav,jpop,5,120.0,120.0,0.0,44100,24000,4
341,341,0,datasets/audios/eastern_data/jpop/jpop_002.wav,jpop,5,120.0,120.0,0.0,44100,24000,4
342,342,0,datasets/audios/eastern_data/jpop/jpop_003.wav,jpop,5,120.0,120.0,0.0,44100,24000,4
343,343,0,datasets/audios/eastern_data/jpop/jpop_004.wav,jpop,5,120.0,120.0,0.0,44100,24000,4
344,344,0,datasets/audios/eastern_data/jpop/jpop_005.wav,jpop,5,120.0,120.0,0.0,44100,24000,4
345,345,0,datasets/audios/eastern_data/jpop/jpop_006.wav,jpop,5,120.0,120.0,0.0,44100,24000,4
346,346,0,datasets/audios/eastern_data/jpop/jpop_007.wav,jpop,5,120.0,120.0,0.0,44100,24000,4
347,347,0,datasets/audios/eastern_data/jpop/jpop_008.wav,jpop,5,120.0,120.0,0.0,44100,24000,4
348,348,0,datasets/audios/eastern_data/jpop/jpop_009.wav,jpop,5,120.0,120.0,0.0,44100,24000,4
349,349,0,datasets/audios/eastern_data/jpop/jpop_010.wav,jpop,5,120.0,120.0,0.0,44100,24000,4
350,350,0,datasets/audios/eastern_data/jpop/jpop_011.wav,jpop,5,120.0,120.0,0.0,44100,24000,4
351,351,0,datasets/audios/eastern_data/jpop/jpop_012.wav,jpop,5,120.0,120.0,0.0,44100,24000,4
352,352,0,datasets/audios/eastern_data/jpop/jpop_013.wav,jpop,5,120.0,120.0,0.0,44100,24000,4
353,353,0,datasets/audios/eastern_data/jpop/jpop_014.wav,jpop,5,120.0,120.0,0.0,44100,24000,4
354,354,0,datasets/audios/eastern_data/jpop/jpop_015.wav,jpop,5,120.0,120.0,0.0,44100,24000,4
355,355,0,datasets/audios/eastern_data/jpop/jpop_016.wav,jpop,5,120.0,120.0,0.0,44100,24000,4
356,356,0,datasets/audios/eastern_data/jpop/jpop_017.wav,jpop,5,120.0,120.0,0.0,44100,24000,4
357,357,0,datasets/audios/eastern_data/jpop/jpop_018.wav,jpop,5,120.0,120.0,0.0,44100,24000,4
358,358,0,datasets/audios/eastern_data/jpop/jpop_019.wav,jpop,5,120.0,120.0,0.0,44100,24000,4
359,359,0,datasets/audios/eastern_data/jpop/jpop_020.wav,jpop,5,120.0,120.0,0.0,44100,24000,4
360,360,0,datasets/audios/eastern_data/jpop/jpop_021.wav,jpop,5,120.0,120.0,0.0,44100,24000,4
361,361,0,datasets/audios/eastern_data/jpop/jpop_022.wav,jpop,5,120.0,120.0,0.0,44100,24000,4
362,362,0,datasets/audios/eastern_data/jpop/jpop_023.wav,jpop,5,120.0,120.0,0.0,44100,24000,4
363,363,0,datasets/audios/eastern_data/jpop/jpop_024.wav,jpop,5,120.0,120.0,0.0,44100,24000,4
364,364,0,datasets/audios/eastern_data/jpop/jpop_025.wav,jpop,5,120.0,120.0,0.0,44100,24000,4
365,365,0,datasets/audios/eastern_data/jpop/jpop_026.wav,jpop,5,120.0,120.0,0.0,44100,24000,4
366,366,0,datasets/audios/eastern_data/jpop/jpop_027.wav,jpop,5,120.0,120.0,0.0,44100,24000,4
367,367,0,datasets/audios/eastern_data/jpop/jpop_028.wav,jpop,5,120.0,120.0,0.0,44100,24000,4
368,368,0,datasets/audios/eastern_data/jpop/jpop_029.wav,jpop,5,120.0,120.0,0.0,44100,24000,4
369,369,0,datasets/audios/eastern_data/jpop/jpop_030.wav,jpop,5,120.0,120.0,0.0,44100,24000,4
370,370,0,datasets/audios/eastern_data/jpop/jpop_031.wav,jpop,5,120.0,120.0,0.0,44100,24000,4
371,371,0,datasets/audios/eastern_data/jpop/jpop_032.wav,jpop,5,120.0,120.0,0.0,48000,24000,4
372,372,0,datasets/audios/eastern_data/jpop/jpop_033.wav,jpop,5,120.0,120.0,0.0,48000,24000,4
373,373,0,datasets/audios/eastern_data/jpop/jpop_034.wav,jpop,5,120.0,120.0,0.0,48000,24000,4
374,374,0,datasets/audios/eastern_data/jpop/jpop_035.wav,jpop,5,120.0,120.0,0.0,48000,24000,4
375,375,0,datasets/audios/eastern_data/jpop/jpop_036.wav,jpop,5,120.0,120.0,0.0,48000,24000,4
376,376,0,datasets/audios/eastern_data/jpop/jpop_037.wav,jpop,5,120.0,120.0,0.0,48000,24000,4
377,377,0,datasets/audios/eastern_data/jpop/jpop_038.wav,jpop,5,120.0,120.0,0.0,48000,24000,4
378,378,0,datasets/audios/eastern_data/jpop/jpop_039.wav,jpop,5,120.0,120.0,0.0,48000,24000,4
379,379,0,datasets/audios/eastern_data/jpop/jpop_040.wav,jpop,5,120.0,120.0,0.0,48000,24000,4
380,380,0,datasets/audios/eastern_data/jpop/jpop_041.wav,jpop,5,120.0,120.0,0.0,48000,24000,4
381,381,0,datasets/audios/eastern_data/jpop/jpop_042.wav,jpop,5,120.0,120.0,0.0,48000,24000,4
382,382,0,datasets/audios/eastern_data/jpop/jpop_043.wav,jpop,5,120.0,120.0,0.0,48000,24000,4
383,383,0,datasets/audios/eastern_data/jpop/jpop_044.wav,jpop,5,120.0,120.0,0.0,48000,24000,4
384,384,0,datasets/audios/eastern_data/jpop/jpop_045.wav,jpop,5,120.0,120.0,0.0,48000,24000,4
385,385,0,datasets/audios/eastern_data/jpop/jpop_046.wav,jpop,5,120.0,120.0,0.0,48000,24000,4
386,386,0,datasets/audios/eastern_data/jpop/jpop_047.wav,jpop,5,120.0,120.0,0.0,48000,24000,4
387,387,0,datasets/audios/eastern_data/jpop/jpop_048.wav,jpop,5,120.0,120.0,0.0,48000,24000,4
388,388,0,datasets/audios/eastern_data/jpop/jpop_049.wav,jpop,5,120.0,120.0,0.0,48000,24000,4
389,389,0,datasets/audios/eastern_data/jpop/jpop_050.wav,jpop,5,120.0,120.0,0.0,48000,24000,4
390,390,0,datasets/audios/eastern_data/jpop/jpop_051.wav,jpop,5,120.0,120.0,0.0,48000,24000,4
391,391,0,datasets/audios/eastern_data/jpop/jpop_052.wav,jpop,5,120.0,120.0,0.0,48000,24000,4
392,392,0,datasets/audios/eastern_data/jpop/jpop_053.wav,jpop,5,120.0,120.0,0.0,48000,24000,4
393,393,0,datasets/audios/eastern_data/jpop/jpop_054.wav,jpop,5,120.0,120.0,0.0,48000,24000,4
394,394,0,datasets/audios/eastern_data/jpop/jpop_055.wav,jpop,5,120.0,120.0,0.0,48000,24000,4
395,395,0,datasets/audios/eastern_data/jpop/jpop_056.wav,jpop,5,120.0,120.0,0.0,48000,24000,4
396,396,0,datasets/audios/eastern_data/jpop/jpop_057.wav,jpop,5,120.0,120.0,0.0,48000,24000,4
397,397,0,datasets/audios/eastern_data/jpop/jpop_058.wav,jpop,5,120.0,120.0,0.0,48000,24000,4
398,398,0,datasets/audios/eastern_data/jpop/jpop_059.wav,jpop,5,120.0,120.0,0.0,48000,24000,4
399,399,0,datasets/audios/eastern_data/jpop/jpop_060.wav,jpop,5,120.0,120.0,0.0,48000,24000,4
400,400,0,datasets/audios/eastern_data/jpop/jpop_061.wav,jpop,5,120.0,120.0,0.0,48000,24000,4
401,401,0,datasets/audios/eastern_data/jpop/jpop_062.wav,jpop,5,120.0,120.0,0.0,48000,24000,4
402,402,0,datasets/audios/eastern_data/jpop/jpop_063.wav,jpop,5,120.0,120.0,0.0,48000,24000,4
403,403,0,datasets/audios/eastern_data/jpop/jpop_064.wav,jpop,5,120.0,120.0,0.0,48000,24000,4
404,404,0,datasets/audios/eastern_data/jpop/jpop_065.wav,jpop,5,120.0,120.0,0.0,48000,24000,4
405,405,0,datasets/audios/eastern_data/jpop/jpop_066.wav,jpop,5,120.0,120.0,0.0,48000,24000,4
406,406,0,datasets/audios/eastern_data/jpop/jpop_067.wav,jpop,5,120.0,120.0,0.0,48000,24000,4
407,407,0,datasets/audios/eastern_data/kpop/kpop_000.wav,kpop,6,120.0,120.0,0.0,44100,24000,4
408,408,0,datasets/audios/eastern_data/kpop/kpop_001.wav,kpop,6,120.0,120.0,0.0,44100,24000,4
409,409,0,datasets/audios/eastern_data/kpop/kpop_002.wav,kpop,6,120.0,120.0,0.0,44100,24000,4
410,410,0,datasets/audios/eastern_data/kpop/kpop_003.wav,kpop,6,120.0,120.0,0.0,44100,24000,4
411,411,0,datasets/audios/eastern_data/kpop/kpop_004.wav,kpop,6,120.0,120.0,0.0,44100,24000,4
412,412,0,datasets/audios/eastern_data/kpop/kpop_005.wav,kpop,6,120.0,120.0,0.0,44100,24000,4
413,413,0,datasets/audios/eastern_data/kpop/kpop_006.wav,kpop,6,120.0,120.0,0.0,44100,24000,4
414,414,0,datasets/audios/eastern_data/kpop/kpop_007.wav,kpop,6,120.0,120.0,0.0,44100,24000,4
415,415,0,datasets/audios/eastern_data/kpop/kpop_008.wav,kpop,6,120.0,120.0,0.0,44100,24000,4
416,416,0,datasets/audios/eastern_data/kpop/kpop_009.wav,kpop,6,120.0,120.0,0.0,44100,24000,4
417,417,0,datasets/audios/eastern_data/kpop/kpop_010.wav,kpop,6,120.0,120.0,0.0,44100,24000,4
418,418,0,datasets/audios/eastern_data/kpop/kpop_011.wav,kpop,6,120.0,120.0,0.0,44100,24000,4
419,419,0,datasets/audios/eastern_data/kpop/kpop_012.wav,kpop,6,120.0,120.0,0.0,44100,24000,4
420,420,0,datasets/audios/eastern_data/kpop/kpop_013.wav,kpop,6,120.0,120.0,0.0,44100,24000,4
421,421,0,datasets/audios/eastern_data/kpop/kpop_014.wav,kpop,6,120.0,120.0,0.0,44100,24000,4
422,422,0,datasets/audios/eastern_data/kpop/kpop_015.wav,kpop,6,120.0,120.0,0.0,44100,24000,4
423,423,0,datasets/audios/eastern_data/kpop/kpop_016.wav,kpop,6,120.0,120.0,0.0,44100,24000,4
424,424,0,datasets/audios/eastern_data/kpop/kpop_017.wav,kpop,6,120.0,120.0,0.0,44100,24000,4
425,425,0,datasets/audios/eastern_data/kpop/kpop_018.wav,kpop,6,120.0,120.0,0.0,44100,24000,4
426,426,0,datasets/audios/eastern_data/kpop/kpop_019.wav,kpop,6,120.0,120.0,0.0,44100,24000,4
427,427,0,datasets/audios/eastern_data/kpop/kpop_020.wav,kpop,6,120.0,120.0,0.0,44100,24000,4
428,428,0,datasets/audios/eastern_data/kpop/kpop_021.wav,kpop,6,120.0,120.0,0.0,44100,24000,4
429,429,0,datasets/audios/eastern_data/kpop/kpop_022.wav,kpop,6,120.0,120.0,0.0,44100,24000,4
430,430,0,datasets/audios/eastern_data/kpop/kpop_023.wav,kpop,6,120.0,120.0,0.0,44100,24000,4
431,431,0,datasets/audios/eastern_data/kpop/kpop_024.wav,kpop,6,120.0,120.0,0.0,44100,24000,4
432,432,0,datasets/audios/eastern_data/kpop/kpop_025.wav,kpop,6,120.0,120.0,0.0,44100,24000,4
433,433,0,datasets/audios/eastern_data/kpop/kpop_026.wav,kpop,6,120.0,120.0,0.0,44100,24000,4
434,434,0,datasets/audios/eastern_data/kpop/kpop_027.wav,kpop,6,120.0,120.0,0.0,44100,24000,4
435,435,0,datasets/audios/eastern_data/kpop/kpop_028.wav,kpop,6,120.0,120.0,0.0,44100,24000,4
436,436,0,datasets/audios/eastern_data/kpop/kpop_029.wav,kpop,6,120.0,120.0,0.0,44100,24000,4
437,437,0,datasets/audios/eastern_data/kpop/kpop_030.wav,kpop,6,120.0,120.0,0.0,44100,24000,4
438,438,0,datasets/audios/eastern_data/kpop/kpop_031.wav,kpop,6,120.0,120.0,0.0,44100,24000,4
439,439,0,datasets/audios/eastern_data/kpop/kpop_032.wav,kpop,6,120.0,120.0,0.0,44100,24000,4
440,440,0,datasets/audios/eastern_data/kpop/kpop_033.wav,kpop,6,120.0,120.0,0.0,44100,24000,4
441,441,0,datasets/audios/eastern_data/kpop/kpop_034.wav,kpop,6,120.0,120.0,0.0,44100,24000,4
442,442,0,datasets/audios/eastern_data/kpop/kpop_035.wav,kpop,6,120.0,120.0,0.0,44100,24000,4
443,443,0,datasets/audios/eastern_data/kpop/kpop_036.wav,kpop,6,120.0,120.0,0.0,44100,24000,4
444,444,0,datasets/audios/eastern_data/kpop/kpop_037.wav,kpop,6,120.0,120.0,0.0,44100,24000,4
445,445,0,datasets/audios/eastern_data/kpop/kpop_038.wav,kpop,6,120.0,120.0,0.0,44100,24000,4
446,446,0,datasets/audios/eastern_data/kpop/kpop_039.wav,kpop,6,120.0,120.0,0.0,44100,24000,4
447,447,0,datasets/audios/eastern_data/kpop/kpop_040.wav,kpop,6,120.0,120.0,0.0,44100,24000,4
448,448,0,datasets/audios/eastern_data/kpop/kpop_041.wav,kpop,6,120.0,120.0,0.0,44100,24000,4
449,449,0,datasets/audios/eastern_data/kpop/kpop_042.wav,kpop,6,120.0,120.0,0.0,44100,24000,4
450,450,0,datasets/audios/eastern_data/kpop/kpop_043.wav,kpop,6,120.0,120.0,0.0,44100,24000,4
451,451,0,datasets/audios/eastern_data/kpop/kpop_044.wav,kpop,6,120.0,120.0,0.0,44100,24000,4
452,452,0,datasets/audios/eastern_data/kpop/kpop_045.wav,kpop,6,120.0,120.0,0.0,44100,24000,4
453,453,0,datasets/audios/eastern_data/kpop/kpop_046.wav,kpop,6,120.0,120.0,0.0,44100,24000,4
454,454,0,datasets/audios/eastern_data/kpop/kpop_047.wav,kpop,6,120.0,120.0,0.0,44100,24000,4
455,455,0,datasets/audios/eastern_data/kpop/kpop_048.wav,kpop,6,120.0,120.0,0.0,44100,24000,4
456,456,0,datasets/audios/eastern_data/kpop/kpop_049.wav,kpop,6,120.0,120.0,0.0,44100,24000,4
457,457,0,datasets/audios/eastern_data/kpop/kpop_050.wav,kpop,6,120.0,120.0,0.0,44100,24000,4
458,458,0,datasets/audios/eastern_data/kpop/kpop_051.wav,kpop,6,120.0,120.0,0.0,44100,24000,4
459,459,0,datasets/audios/eastern_data/kpop/kpop_052.wav,kpop,6,120.0,120.0,0.0,44100,24000,4
460,460,0,datasets/audios/eastern_data/kpop/kpop_053.wav,kpop,6,120.0,120.0,0.0,44100,24000,4
461,461,0,datasets/audios/eastern_data/kpop/kpop_054.wav,kpop,6,120.0,120.0,0.0,44100,24000,4
462,462,0,datasets/audios/eastern_data/kpop/kpop_055.wav,kpop,6,120.0,120.0,0.0,44100,24000,4
463,463,0,datasets/audios/eastern_data/kpop/kpop_056.wav,kpop,6,120.0,120.0,0.0,44100,24000,4
464,464,0,datasets/audios/eastern_data/kpop/kpop_057.wav,kpop,6,120.0,120.0,0.0,44100,24000,4
465,465,0,datasets/audios/eastern_data/kpop/kpop_058.wav,kpop,6,120.0,120.0,0.0,44100,24000,4
466,466,0,datasets/audios/eastern_data/kpop/kpop_059.wav,kpop,6,120.0,120.0,0.0,44100,24000,4
467,467,0,datasets/audios/eastern_data/kpop/kpop_060.wav,kpop,6,120.0,120.0,0.0,44100,24000,4
468,468,0,datasets/audios/eastern_data/kpop/kpop_061.wav,kpop,6,120.0,120.0,0.0,44100,24000,4
469,469,0,datasets/audios/eastern_data/kpop/kpop_062.wav,kpop,6,120.0,120.0,0.0,44100,24000,4
470,470,0,datasets/audios/eastern_data/kpop/kpop_063.wav,kpop,6,120.0,120.0,0.0,44100,24000,4
471,471,0,datasets/audios/eastern_data/kpop/kpop_064.wav,kpop,6,120.0,120.0,0.0,44100,24000,4
472,472,0,datasets/audios/eastern_data/kpop/kpop_065.wav,kpop,6,120.0,120.0,0.0,44100,24000,4
473,473,0,datasets/audios/eastern_data/kpop/kpop_066.wav,kpop,6,120.0,120.0,0.0,44100,24000,4
474,474,0,datasets/audios/eastern_data/kpop/kpop_067.wav,kpop,6,120.0,120.0,0.0,44100,24000,4
475,475,0,datasets/audios/eastern_data/kpop/kpop_068.wav,kpop,6,120.0,120.0,0.0,44100,24000,4
476,476,0,datasets/audios/eastern_data/kpop/kpop_069.wav,kpop,6,17.649916666666666,17.649916666666666,0.0,44100,24000,1
477,477,0,datasets/audios/eastern_data/kpop/kpop_070.wav,kpop,6,120.0,120.0,0.0,44100,24000,4
478,478,0,datasets/audios/eastern_data/kpop/kpop_071.wav,kpop,6,120.0,120.0,0.0,44100,24000,4
479,479,0,datasets/audios/eastern_data/kpop/kpop_072.wav,kpop,6,120.0,120.0,0.0,44100,24000,4
480,480,0,datasets/audios/eastern_data/kpop/kpop_073.wav,kpop,6,120.0,120.0,0.0,44100,24000,4
481,481,0,datasets/audios/eastern_data/kpop/kpop_074.wav,kpop,6,120.0,120.0,0.0,44100,24000,4
482,482,0,datasets/audios/eastern_data/kpop/kpop_075.wav,kpop,6,120.0,120.0,0.0,44100,24000,4
483,483,0,datasets/audios/eastern_data/kpop/kpop_076.wav,kpop,6,120.0,120.0,0.0,44100,24000,4
484,484,0,datasets/audios/eastern_data/kpop/kpop_077.wav,kpop,6,120.0,120.0,0.0,44100,24000,4
485,485,0,datasets/audios/eastern_data/kpop/kpop_078.wav,kpop,6,120.0,120.0,0.0,44100,24000,4
486,486,0,datasets/audios/eastern_data/kpop/kpop_079.wav,kpop,6,120.0,120.0,0.0,44100,24000,4
487,487,0,datasets/audios/eastern_data/kpop/kpop_080.wav,kpop,6,120.0,120.0,0.0,44100,24000,4
488,488,0,datasets/audios/eastern_data/kpop/kpop_081.wav,kpop,6,120.0,120.0,0.0,44100,24000,4
489,489,0,datasets/audios/eastern_data/kpop/kpop_082.wav,kpop,6,120.0,120.0,0.0,44100,24000,4
490,490,0,datasets/audios/eastern_data/kpop/kpop_083.wav,kpop,6,120.0,120.0,0.0,44100,24000,4
491,491,0,datasets/audios/eastern_data/kpop/kpop_084.wav,kpop,6,120.0,120.0,0.0,44100,24000,4
492,492,0,datasets/audios/eastern_data/kpop/kpop_085.wav,kpop,6,120.0,120.0,0.0,44100,24000,4
493,493,0,datasets/audios/eastern_data/kpop/kpop_086.wav,kpop,6,120.0,120.0,0.0,44100,24000,4
494,494,0,datasets/audios/eastern_data/kpop/kpop_087.wav,kpop,6,120.0,120.0,0.0,44100,24000,4
495,495,0,datasets/audios/eastern_data/kpop/kpop_088.wav,kpop,6,120.0,120.0,0.0,44100,24000,4
496,496,0,datasets/audios/eastern_data/kpop/kpop_089.wav,kpop,6,120.0,120.0,0.0,44100,24000,4
497,497,0,datasets/audios/eastern_data/kpop/kpop_090.wav,kpop,6,120.0,120.0,0.0,44100,24000,4
498,498,0,datasets/audios/eastern_data/kpop/kpop_091.wav,kpop,6,120.0,120.0,0.0,44100,24000,4
499,499,0,datasets/audios/eastern_data/kpop/kpop_092.wav,kpop,6,120.0,120.0,0.0,44100,24000,4
500,500,0,datasets/audios/eastern_data/kpop/kpop_093.wav,kpop,6,120.0,120.0,0.0,44100,24000,4
501,501,0,datasets/audios/eastern_data/kpop/kpop_094.wav,kpop,6,120.0,120.0,0.0,44100,24000,4
502,502,0,datasets/audios/eastern_data/kpop/kpop_095.wav,kpop,6,120.0,120.0,0.0,44100,24000,4
503,503,0,datasets/audios/eastern_data/kpop/kpop_096.wav,kpop,6,120.0,120.0,0.0,44100,24000,4
504,504,0,datasets/audios/eastern_data/kpop/kpop_097.wav,kpop,6,120.0,120.0,0.0,44100,24000,4
505,505,0,datasets/audios/eastern_data/kpop/kpop_098.wav,kpop,6,120.0,120.0,0.0,44100,24000,4
506,506,0,datasets/audios/eastern_data/kpop/kpop_099.wav,kpop,6,120.0,120.0,0.0,44100,24000,4
507,507,0,datasets/audios/eastern_data/kpop/kpop_100.wav,kpop,6,120.0,120.0,0.0,44100,24000,4
508,508,0,datasets/audios/eastern_data/sitar/sitar_000.wav,sitar,7,60.0,60.0,0.0,24000,24000,2
509,509,0,datasets/audios/eastern_data/sitar/sitar_001.wav,sitar,7,60.0,60.0,0.0,24000,24000,2
510,510,0,datasets/audios/eastern_data/sitar/sitar_002.wav,sitar,7,60.0,60.0,0.0,24000,24000,2
511,511,0,datasets/audios/eastern_data/sitar/sitar_003.wav,sitar,7,60.0,60.0,0.0,24000,24000,2
512,512,0,datasets/audios/eastern_data/sitar/sitar_004.wav,sitar,7,60.0,60.0,0.0,24000,24000,2
513,513,0,datasets/audios/eastern_data/sitar/sitar_005.wav,sitar,7,60.0,60.0,0.0,24000,24000,2
514,514,0,datasets/audios/eastern_data/sitar/sitar_006.wav,sitar,7,60.0,60.0,0.0,24000,24000,2
515,515,0,datasets/audios/eastern_data/sitar/sitar_007.wav,sitar,7,60.0,60.0,0.0,24000,24000,2
516,516,0,datasets/audios/eastern_data/sitar/sitar_008.wav,sitar,7,60.0,60.0,0.0,24000,24000,2
517,517,0,datasets/audios/eastern_data/sitar/sitar_009.wav,sitar,7,60.0,60.0,0.0,24000,24000,2
518,518,0,datasets/audios/eastern_data/sitar/sitar_010.wav,sitar,7,60.0,60.0,0.0,24000,24000,2
519,519,0,datasets/audios/eastern_data/sitar/sitar_011.wav,sitar,7,60.0,60.0,0.0,24000,24000,2
520,520,0,datasets/audios/eastern_data/sitar/sitar_012.wav,sitar,7,60.0,60.0,0.0,24000,24000,2
521,521,0,datasets/audios/eastern_data/sitar/sitar_013.wav,sitar,7,60.0,60.0,0.0,24000,24000,2
522,522,0,datasets/audios/eastern_data/sitar/sitar_014.wav,sitar,7,60.0,60.0,0.0,24000,24000,2
523,523,0,datasets/audios/eastern_data/sitar/sitar_015.wav,sitar,7,60.0,60.0,0.0,24000,24000,2
524,524,0,datasets/audios/eastern_data/sitar/sitar_016.wav,sitar,7,60.0,60.0,0.0,24000,24000,2
525,525,0,datasets/audios/eastern_data/sitar/sitar_017.wav,sitar,7,60.0,60.0,0.0,24000,24000,2
526,526,0,datasets/audios/eastern_data/sitar/sitar_018.wav,sitar,7,60.0,60.0,0.0,24000,24000,2
527,527,0,datasets/audios/eastern_data/sitar/sitar_019.wav,sitar,7,60.0,60.0,0.0,24000,24000,2
528,528,0,datasets/audios/eastern_data/sitar/sitar_020.wav,sitar,7,60.0,60.0,0.0,24000,24000,2
529,529,0,datasets/audios/eastern_data/sitar/sitar_021.wav,sitar,7,60.0,60.0,0.0,24000,24000,2
530,530,0,datasets/audios/eastern_data/sitar/sitar_022.wav,sitar,7,60.0,60.0,0.0,24000,24000,2
531,531,0,datasets/audios/eastern_data/sitar/sitar_023.wav,sitar,7,60.0,60.0,0.0,24000,24000,2
532,532,0,datasets/audios/eastern_data/sitar/sitar_024.wav,sitar,7,60.0,60.0,0.0,24000,24000,2
533,533,0,datasets/audios/eastern_data/sitar/sitar_025.wav,sitar,7,60.0,60.0,0.0,24000,24000,2
534,534,0,datasets/audios/eastern_data/sitar/sitar_026.wav,sitar,7,60.0,60.0,0.0,24000,24000,2
535,535,0,datasets/audios/eastern_data/sitar/sitar_027.wav,sitar,7,60.0,60.0,0.0,24000,24000,2
536,536,0,datasets/audios/eastern_data/sitar/sitar_028.wav,sitar,7,60.0,60.0,0.0,24000,24000,2
537,537,0,datasets/audios/eastern_data/sitar/sitar_029.wav,sitar,7,60.0,60.0,0.0,24000,24000,2
538,538,0,datasets/audios/eastern_data/sitar/sitar_030.wav,sitar,7,60.0,60.0,0.0,24000,24000,2
539,539,0,datasets/audios/eastern_data/sitar/sitar_031.wav,sitar,7,60.0,60.0,0.0,24000,24000,2
540,540,0,datasets/audios/eastern_data/sitar/sitar_032.wav,sitar,7,60.0,60.0,0.0,24000,24000,2
541,541,0,datasets/audios/eastern_data/sitar/sitar_033.wav,sitar,7,60.0,60.0,0.0,24000,24000,2
542,542,0,datasets/audios/eastern_data/sitar/sitar_034.wav,sitar,7,60.0,60.0,0.0,24000,24000,2
543,543,0,datasets/audios/eastern_data/sitar/sitar_035.wav,sitar,7,60.0,60.0,0.0,24000,24000,2
544,544,0,datasets/audios/eastern_data/sitar/sitar_036.wav,sitar,7,60.0,60.0,0.0,24000,24000,2
545,545,0,datasets/audios/eastern_data/sitar/sitar_037.wav,sitar,7,60.0,60.0,0.0,24000,24000,2
546,546,0,datasets/audios/eastern_data/sitar/sitar_038.wav,sitar,7,60.0,60.0,0.0,24000,24000,2
547,547,0,datasets/audios/eastern_data/sitar/sitar_039.wav,sitar,7,60.0,60.0,0.0,24000,24000,2
548,548,0,datasets/audios/eastern_data/sitar/sitar_040.wav,sitar,7,60.0,60.0,0.0,24000,24000,2
549,549,0,datasets/audios/eastern_data/sitar/sitar_041.wav,sitar,7,60.0,60.0,0.0,24000,24000,2
550,550,0,datasets/audios/eastern_data/sitar/sitar_042.wav,sitar,7,60.0,60.0,0.0,24000,24000,2
551,551,0,datasets/audios/eastern_data/sitar/sitar_043.wav,sitar,7,60.0,60.0,0.0,24000,24000,2
552,552,0,datasets/audios/eastern_data/sitar/sitar_044.wav,sitar,7,60.0,60.0,0.0,24000,24000,2
553,553,0,datasets/audios/eastern_data/sitar/sitar_045.wav,sitar,7,60.0,60.0,0.0,24000,24000,2
554,554,0,datasets/audios/eastern_data/sitar/sitar_046.wav,sitar,7,60.0,60.0,0.0,24000,24000,2
555,555,0,datasets/audios/eastern_data/sitar/sitar_047.wav,sitar,7,60.0,60.0,0.0,24000,24000,2
556,556,0,datasets/audios/eastern_data/sitar/sitar_048.wav,sitar,7,60.0,60.0,0.0,24000,24000,2
557,557,0,datasets/audios/eastern_data/sitar/sitar_049.wav,sitar,7,60.0,60.0,0.0,24000,24000,2
558,558,0,datasets/audios/eastern_data/sitar/sitar_050.wav,sitar,7,60.0,60.0,0.0,24000,24000,2
559,559,0,datasets/audios/eastern_data/sitar/sitar_051.wav,sitar,7,60.0,60.0,0.0,24000,24000,2
560,560,0,datasets/audios/eastern_data/sitar/sitar_052.wav,sitar,7,60.0,60.0,0.0,24000,24000,2
561,561,0,datasets/audios/eastern_data/sitar/sitar_053.wav,sitar,7,60.0,60.0,0.0,24000,24000,2
562,562,0,datasets/audios/eastern_data/sitar/sitar_054.wav,sitar,7,60.0,60.0,0.0,24000,24000,2
