dataset,mert_layer,saved_layer_index,fold,num_train,num_validation,num_test,train_accuracy,train_macro_f1,train_weighted_f1,validation_accuracy,validation_macro_f1,validation_weighted_f1,test_accuracy,test_macro_f1,test_weighted_f1
western,1,1,1,596,190,213,0.9983221476510067,0.9981308411214954,0.9983221476510067,0.5842105263157895,0.5627448493196063,0.5684065431968601,0.5821596244131455,0.5721050600665205,0.5771225493482633
western,1,1,2,630,179,190,0.9984126984126984,0.9983596638655463,0.9984130185407496,0.7318435754189944,0.6580658262686946,0.7426543292174442,0.6894736842105263,0.6261548688238332,0.6886973583700982
western,1,1,3,603,217,179,0.9983416252072969,0.9984402394051145,0.9983426277916586,0.48847926267281105,0.5026810611302408,0.4831881016270241,0.6871508379888268,0.6124469748587396,0.7135661935563349
western,1,1,4,582,200,217,1.0,1.0,1.0,0.775,0.6396197031354453,0.7761730368581943,0.5944700460829493,0.6135181121357819,0.5861121977167332
western,1,1,5,586,213,200,1.0,1.0,1.0,0.5633802816901409,0.5818962742213112,0.57929939458566,0.74,0.6473060427350723,0.7455939537607541
western,2,2,1,596,190,213,0.9983221476510067,0.9981308411214954,0.9983221476510067,0.6421052631578947,0.6140731763782419,0.6161228968558491,0.6244131455399061,0.6217899588808253,0.61901515345722
western,2,2,2,630,179,190,0.9984126984126984,0.9983596638655463,0.9984130185407496,0.7821229050279329,0.7662597911739789,0.7894716253260096,0.6578947368421053,0.6317450726237912,0.6621675961132004
western,2,2,3,603,217,179,0.9983416252072969,0.9984402394051145,0.9983426277916586,0.5529953917050692,0.6030598578402178,0.5518657941672714,0.7094972067039106,0.6374605179522046,0.7313844182243505
western,2,2,4,582,200,217,1.0,1.0,1.0,0.78,0.6576456323925133,0.7858429291049082,0.6082949308755761,0.632194249912658,0.6047177780614187
western,2,2,5,586,213,200,1.0,1.0,1.0,0.5868544600938967,0.6220520145280768,0.6028165701856719,0.765,0.6278549282558469,0.7700122053981836
western,3,3,1,596,190,213,0.9983221476510067,0.9981308411214954,0.9983221476510067,0.6578947368421053,0.6329805469696612,0.6378040139616221,0.7136150234741784,0.6923727975221091,0.7069442988734749
western,3,3,2,630,179,190,0.9984126984126984,0.9983596638655463,0.9984130185407496,0.8100558659217877,0.7991846858513524,0.8159744270358796,0.6631578947368421,0.6573252402199771,0.6778308790358653
western,3,3,3,603,217,179,0.9983416252072969,0.9984402394051145,0.9983426277916586,0.6221198156682027,0.6589507374257578,0.625757556132478,0.7932960893854749,0.693001690805116,0.8118591777555908
western,3,3,4,582,200,217,1.0,1.0,1.0,0.81,0.7552750856999364,0.8107285324219374,0.6497695852534562,0.6823752206757916,0.6516966295064287
western,3,3,5,586,213,200,1.0,1.0,1.0,0.6103286384976526,0.6308094084689829,0.6253796836505857,0.785,0.6597653192324244,0.7912750874977847
western,4,4,1,596,190,213,0.9983221476510067,0.9981308411214954,0.9983221476510067,0.6473684210526316,0.6332809801540058,0.6316179579354982,0.704225352112676,0.6540634672670628,0.684037370530251
western,4,4,2,630,179,190,0.9984126984126984,0.9983596638655463,0.9984130185407496,0.7988826815642458,0.6992602679403171,0.8091464109057356,0.6526315789473685,0.6239799481379009,0.6675568225430075
western,4,4,3,603,217,179,0.9983416252072969,0.9984402394051145,0.9983426277916586,0.631336405529954,0.6390806905512788,0.6417427336375561,0.776536312849162,0.6804184414829576,0.7906717911691782
western,4,4,4,582,200,217,1.0,1.0,1.0,0.805,0.7471287837702045,0.8022632995477302,0.6589861751152074,0.6738168940663697,0.6640101155217247
western,4,4,5,586,213,200,1.0,1.0,1.0,0.6384976525821596,0.6414861799327298,0.6478244441646849,0.785,0.6611603595491065,0.7924222343710835
western,5,5,1,596,190,213,0.9983221476510067,0.9981308411214954,0.9983221476510067,0.6631578947368421,0.6656754942878902,0.656480589350252,0.7230046948356808,0.685543407305334,0.7004876983706914
western,5,5,2,630,179,190,0.9984126984126984,0.9983596638655463,0.9984130185407496,0.8324022346368715,0.7175615892501139,0.840014972697445,0.7263157894736842,0.6848027550738548,0.7264033632869278
western,5,5,3,603,217,179,0.9983416252072969,0.9984402394051145,0.9983426277916586,0.7050691244239631,0.7265073709947591,0.7171936525056096,0.8156424581005587,0.7116366286351938,0.8279265003907725
western,5,5,4,582,200,217,1.0,1.0,1.0,0.825,0.7811549360843573,0.8232638771257647,0.6820276497695853,0.691038251672424,0.6925267644389173
western,5,5,5,586,213,200,1.0,1.0,1.0,0.6901408450704225,0.6888646155414755,0.6860889670682206,0.81,0.6752139092456344,0.8110608232921518
western,6,6,1,596,190,213,0.9983221476510067,0.9981301878549586,0.9983218544483243,0.6421052631578947,0.6480130781409554,0.6022847991511339,0.7417840375586855,0.7060241231512128,0.7089451082738367
western,6,6,2,630,179,190,0.9984126984126984,0.9983596638655463,0.9984130185407496,0.8491620111731844,0.735950947567934,0.8542949434910594,0.7368421052631579,0.7214111316301552,0.7338445376506111
western,6,6,3,603,217,179,0.9983416252072969,0.9984402394051145,0.9983426277916586,0.7235023041474654,0.7227150910764741,0.7289201077741962,0.8268156424581006,0.7270851243439025,0.8410101176481982
western,6,6,4,582,200,217,1.0,1.0,1.0,0.82,0.6950204922253115,0.8178661105962309,0.7188940092165899,0.729178017096219,0.7260763966739808
western,6,6,5,586,213,200,1.0,1.0,1.0,0.704225352112676,0.7006606705002283,0.6902098883818287,0.82,0.6829466657042584,0.8203124915349929
western,7,7,1,596,190,213,0.9983221476510067,0.9981308411214954,0.9983221476510067,0.6578947368421053,0.6387618821037009,0.6141885797584427,0.7183098591549296,0.6911693263163852,0.6859137435377644
western,7,7,2,630,179,190,0.9984126984126984,0.9983596638655463,0.9984130185407496,0.8770949720670391,0.7597264928319732,0.8834408493555123,0.7789473684210526,0.7371207734791446,0.776600917505548
western,7,7,3,603,217,179,0.9983416252072969,0.9984402394051145,0.9983426277916586,0.7373271889400922,0.7637090844847615,0.7445738346688217,0.8603351955307262,0.7425456063771378,0.8692389545110577
western,7,7,4,582,200,217,1.0,1.0,1.0,0.835,0.7087004003582721,0.8351952960600861,0.7603686635944701,0.7933947025628905,0.7698178207546384
western,7,7,5,586,213,200,1.0,1.0,1.0,0.7136150234741784,0.7174865209752094,0.7108740358584709,0.805,0.6610540653846942,0.8053926746005854
western,8,8,1,596,190,213,0.9983221476510067,0.9981308411214954,0.9983221476510067,0.6578947368421053,0.6263554271949807,0.6220982090644677,0.7276995305164319,0.6818136451729647,0.6921501806692943
western,8,8,2,630,179,190,0.9984126984126984,0.9983596638655463,0.9984130185407496,0.8268156424581006,0.7198177530880006,0.8366942160722931,0.7315789473684211,0.6773577255169376,0.7388451829965287
western,8,8,3,603,217,179,0.9983416252072969,0.9984402394051145,0.9983426277916586,0.7096774193548387,0.7191229064637963,0.7134335446144112,0.8324022346368715,0.7205596560789915,0.8465959595993338
western,8,8,4,582,200,217,1.0,1.0,1.0,0.82,0.6888559978495346,0.815499079111841,0.7327188940092166,0.7543115647212429,0.7384535718589247
western,8,8,5,586,213,200,1.0,1.0,1.0,0.6854460093896714,0.6935237069073936,0.6790038971087481,0.8,0.6510561931148154,0.7991490484112858
western,9,9,1,596,190,213,0.9983221476510067,0.9981308411214954,0.9983221476510067,0.6473684210526316,0.6200159859046666,0.6246296946522337,0.7417840375586855,0.6892549977092706,0.7107963880791552
western,9,9,2,630,179,190,0.9984126984126984,0.9983596638655463,0.9984130185407496,0.8212290502793296,0.7137518901497242,0.8282283460232103,0.7263157894736842,0.6861465323695365,0.7248555293735943
western,9,9,3,603,217,179,0.9983416252072969,0.9984402394051145,0.9983426277916586,0.6912442396313364,0.6879957594285493,0.6939067125339455,0.8212290502793296,0.709266081871345,0.8344115292887713
western,9,9,4,582,200,217,1.0,1.0,1.0,0.845,0.7917646363201336,0.8386313389282968,0.7373271889400922,0.7514642686564557,0.745200926201635
western,9,9,5,586,213,200,1.0,1.0,1.0,0.6338028169014085,0.6534901312616973,0.6411430636617389,0.805,0.6708927686530901,0.810599929737749
western,10,10,1,596,190,213,0.9983221476510067,0.9981308411214954,0.9983221476510067,0.6578947368421053,0.6577114776709084,0.6359600135192569,0.6901408450704225,0.6550776931874642,0.6674311312825907
western,10,10,2,630,179,190,0.9984126984126984,0.9983596638655463,0.9984130185407496,0.8156424581005587,0.6985402009595558,0.8245366895574139,0.7052631578947368,0.6586080178491438,0.7059401141279644
western,10,10,3,603,217,179,0.9983416252072969,0.9984402394051145,0.9983426277916586,0.6497695852534562,0.6483123403559921,0.6553633166323626,0.7932960893854749,0.6811183941923196,0.8074346328648428
western,10,10,4,582,200,217,1.0,1.0,1.0,0.83,0.7664565468322294,0.8182474475342506,0.6912442396313364,0.6837234031095417,0.7025180993817213
western,10,10,5,586,213,200,1.0,1.0,1.0,0.6244131455399061,0.6575735409549364,0.6319943392652382,0.785,0.6548317665244773,0.7942376156441989
western,11,11,1,596,190,213,0.9983221476510067,0.9981308411214954,0.9983221476510067,0.5947368421052631,0.5735854115367423,0.5482349842591189,0.6384976525821596,0.6051918158567775,0.6091441897572801
western,11,11,2,630,179,190,0.9984126984126984,0.9983596638655463,0.9984130185407496,0.770949720670391,0.6574167996888896,0.7825496404598005,0.6263157894736842,0.5931525493770076,0.6127337267316899
western,11,11,3,603,217,179,0.9983416252072969,0.9984402394051145,0.9983426277916586,0.5852534562211982,0.5994800254844714,0.5870922089083878,0.7932960893854749,0.6825949188584994,0.8078517386951637
western,11,11,4,582,200,217,1.0,1.0,1.0,0.78,0.7240311915838976,0.7748617011341917,0.6497695852534562,0.6559993725463473,0.6573309120297635
western,11,11,5,586,213,200,1.0,1.0,1.0,0.6244131455399061,0.6416272775746459,0.63670817612997,0.75,0.6231166724899463,0.7634615130522967
western,12,12,1,596,190,213,0.9983221476510067,0.9981308411214954,0.9983221476510067,0.6157894736842106,0.6264540103780554,0.5795227512344081,0.6056338028169014,0.5887284533843056,0.5817989820403104
western,12,12,2,630,179,190,0.9984126984126984,0.9983596638655463,0.9984130185407496,0.7262569832402235,0.6218560016330018,0.7417994013941647,0.6263157894736842,0.6174687801407247,0.6143468869828931
western,12,12,3,603,217,179,0.9983416252072969,0.9984402394051145,0.9983426277916586,0.5576036866359447,0.5845941403346544,0.5597767703482103,0.7597765363128491,0.6496201914709806,0.7776388425627384
western,12,12,4,582,200,217,1.0,1.0,1.0,0.72,0.6013490675990676,0.7240821678321678,0.631336405529954,0.6595153592048686,0.6408241401839802
western,12,12,5,586,213,200,1.0,1.0,1.0,0.5586854460093896,0.5845004641093138,0.5667235311880208,0.75,0.6199327731302738,0.7607599519220138
eastern,1,1,1,337,113,113,1.0,1.0,1.0,0.9292035398230089,0.9031301219527251,0.9297459086808396,0.9026548672566371,0.860116682874158,0.900103491212773
eastern,1,1,2,338,112,113,1.0,1.0,1.0,0.8928571428571429,0.8781262715794167,0.8923679668344302,0.911504424778761,0.87571366184323,0.9140554168080408
eastern,1,1,3,339,112,112,1.0,1.0,1.0,0.8928571428571429,0.8503690068576476,0.8920351452117358,0.8571428571428571,0.8209847536137399,0.8580997869790973
eastern,1,1,4,338,113,112,1.0,1.0,1.0,0.831858407079646,0.7925322898229302,0.831038423821457,0.9196428571428571,0.8924141749723145,0.9194582871908453
eastern,1,1,5,337,113,113,1.0,1.0,1.0,0.8849557522123894,0.8293815940157404,0.8808261347976437,0.9026548672566371,0.8767664791183954,0.9011147992369664
eastern,2,2,1,337,113,113,1.0,1.0,1.0,0.9292035398230089,0.8956353999259834,0.9296252457845119,0.8938053097345132,0.8509446882966046,0.8912963559930969
eastern,2,2,2,338,112,113,1.0,1.0,1.0,0.8928571428571429,0.8745488885240439,0.892860909165257,0.9026548672566371,0.8605718520434041,0.9034718539290768
eastern,2,2,3,339,112,112,1.0,1.0,1.0,0.9107142857142857,0.8615067284937081,0.9087326766393335,0.8482142857142857,0.8020422832420598,0.8489406048323881
eastern,2,2,4,338,113,112,1.0,1.0,1.0,0.8495575221238938,0.8102593107496671,0.8523202307653817,0.9017857142857143,0.8723931039720513,0.9009892154628997
eastern,2,2,5,337,113,113,1.0,1.0,1.0,0.8938053097345132,0.8509446882966046,0.8912963559930969,0.8761061946902655,0.8460036857552387,0.878351634257752
eastern,3,3,1,337,113,113,1.0,1.0,1.0,0.9557522123893806,0.9293606122874415,0.9557466779569089,0.9026548672566371,0.8536112835116159,0.9004432694286575
eastern,3,3,2,338,112,113,1.0,1.0,1.0,0.9017857142857143,0.874246067531004,0.9018624180262113,0.9292035398230089,0.8840882397725441,0.928247388469556
eastern,3,3,3,339,112,112,1.0,1.0,1.0,0.9107142857142857,0.8587256916525209,0.9152225907561273,0.8839285714285714,0.8431453321037292,0.884712087359769
eastern,3,3,4,338,113,112,1.0,1.0,1.0,0.8849557522123894,0.8373103860908737,0.8855923796567009,0.9553571428571429,0.9311021456079223,0.9559531450577664
eastern,3,3,5,337,113,113,1.0,1.0,1.0,0.9026548672566371,0.8602697818077447,0.8999963244749134,0.8938053097345132,0.8473325590398761,0.892152433028755
eastern,4,4,1,337,113,113,1.0,1.0,1.0,0.9292035398230089,0.8881609214768048,0.9291262449026743,0.9026548672566371,0.8520495377638236,0.9011345586566827
eastern,4,4,2,338,112,113,1.0,1.0,1.0,0.9017857142857143,0.874246067531004,0.9018624180262113,0.9292035398230089,0.8840882397725441,0.928247388469556
eastern,4,4,3,339,112,112,1.0,1.0,1.0,0.9285714285714286,0.8801815952185568,0.927702379290401,0.8928571428571429,0.8587895396887185,0.896270426966012
eastern,4,4,4,338,113,112,1.0,1.0,1.0,0.8584070796460177,0.8071368487972032,0.8575028448619605,0.9553571428571429,0.9311021456079223,0.9559531450577664
eastern,4,4,5,337,113,113,1.0,1.0,1.0,0.911504424778761,0.8672167256884865,0.9088292786996224,0.911504424778761,0.8604625033196461,0.9078965185159876
eastern,5,5,1,337,113,113,1.0,1.0,1.0,0.9469026548672567,0.9276036832859306,0.9468652199535571,0.911504424778761,0.864438233079348,0.9104661652470847
eastern,5,5,2,338,112,113,1.0,1.0,1.0,0.9464285714285714,0.9233550517974096,0.9470027674132858,0.9380530973451328,0.9110844440112732,0.9382115582093998
eastern,5,5,3,339,112,112,1.0,1.0,1.0,0.9375,0.9044100838886372,0.9374992683234904,0.9196428571428571,0.8904167904167904,0.9197412384912386
eastern,5,5,4,338,113,112,1.0,1.0,1.0,0.8672566371681416,0.8055777984576651,0.8671315108687832,0.9553571428571429,0.9435520008180107,0.9551676771504358
eastern,5,5,5,337,113,113,1.0,1.0,1.0,0.9026548672566371,0.8574829931972789,0.9016224188790561,0.911504424778761,0.8604625033196461,0.9078965185159876
eastern,6,6,1,337,113,113,1.0,1.0,1.0,0.9292035398230089,0.9050412828608316,0.9291862332151106,0.911504424778761,0.8633294024271467,0.9096839660882511
eastern,6,6,2,338,112,113,1.0,1.0,1.0,0.9642857142857143,0.9403611686220382,0.9647026685070162,0.9203539823008849,0.887121483362085,0.9199252488959055
eastern,6,6,3,339,112,112,1.0,1.0,1.0,0.9464285714285714,0.91698639646495,0.9464736272978493,0.9285714285714286,0.8957464040301949,0.928319793221874
eastern,6,6,4,338,113,112,1.0,1.0,1.0,0.8672566371681416,0.7982163597146175,0.8612752202111149,0.9375,0.9162774607725728,0.9379104031207159
eastern,6,6,5,337,113,113,1.0,1.0,1.0,0.9203539823008849,0.8836303643146687,0.9196358115437119,0.911504424778761,0.8613142407927941,0.9100241779164351
eastern,7,7,1,337,113,113,1.0,1.0,1.0,0.9292035398230089,0.8959616649597415,0.9289670977196026,0.9026548672566371,0.862736716308145,0.9022949624719536
eastern,7,7,2,338,112,113,1.0,1.0,1.0,0.9464285714285714,0.9139194139194139,0.9458562271062271,0.9380530973451328,0.9109276513542993,0.9374795292408836
eastern,7,7,3,339,112,112,1.0,1.0,1.0,0.9464285714285714,0.9175896758597201,0.9447363791251527,0.9107142857142857,0.8673652096552117,0.9093498139258076
eastern,7,7,4,338,113,112,1.0,1.0,1.0,0.8761061946902655,0.8239715224263019,0.8745550296240524,0.9375,0.9196493521647885,0.9370255530566592
eastern,7,7,5,337,113,113,1.0,1.0,1.0,0.9026548672566371,0.8669454783137246,0.9016123969111912,0.9026548672566371,0.8522380192451081,0.8994070535263029
eastern,8,8,1,337,113,113,1.0,1.0,1.0,0.9469026548672567,0.9210556583189101,0.9471164638127815,0.9203539823008849,0.8869480003200934,0.9192739528199498
eastern,8,8,2,338,112,113,1.0,1.0,1.0,0.9196428571428571,0.8837827068866624,0.9202578980897059,0.911504424778761,0.8778524209368763,0.9107105720541451
eastern,8,8,3,339,112,112,1.0,1.0,1.0,0.9464285714285714,0.9173757974313748,0.9444791599285509,0.8839285714285714,0.8327276186784971,0.879089644707251
eastern,8,8,4,338,113,112,1.0,1.0,1.0,0.8584070796460177,0.8052873916013176,0.8562267060646845,0.9375,0.9180395128267544,0.9380679240280363
eastern,8,8,5,337,113,113,1.0,1.0,1.0,0.911504424778761,0.8766751244325995,0.9107920651756832,0.8938053097345132,0.8449209460743762,0.8903416531377859
eastern,9,9,1,337,113,113,1.0,1.0,1.0,0.911504424778761,0.8685592185592185,0.9107307638281089,0.9203539823008849,0.877980705093581,0.9181043464681069
eastern,9,9,2,338,112,113,1.0,1.0,1.0,0.9464285714285714,0.9279292952879094,0.9460945161817588,0.911504424778761,0.8778524209368763,0.9107105720541451
eastern,9,9,3,339,112,112,1.0,1.0,1.0,0.9375,0.8946463284802826,0.9354986556957001,0.9107142857142857,0.8687985099410965,0.9092378911758695
eastern,9,9,4,338,113,112,1.0,1.0,1.0,0.8584070796460177,0.8151268113674127,0.8585740709634515,0.9375,0.9149981601540915,0.9382428153118328
eastern,9,9,5,337,113,113,1.0,1.0,1.0,0.911504424778761,0.8743296804783812,0.912017056972986,0.8938053097345132,0.8567740787986524,0.8924282199481854
eastern,10,10,1,337,113,113,1.0,1.0,1.0,0.9026548672566371,0.8591441079245958,0.9013351423021183,0.9026548672566371,0.8558306600167065,0.9005498008626224
eastern,10,10,2,338,112,113,1.0,1.0,1.0,0.9285714285714286,0.9117720402143981,0.9280832134608371,0.9203539823008849,0.8848722705865564,0.9194077309121556
eastern,10,10,3,339,112,112,1.0,1.0,1.0,0.9375,0.9077284844195813,0.936545228170844,0.8839285714285714,0.8460636980364435,0.8792946018538158
eastern,10,10,4,338,113,112,1.0,1.0,1.0,0.8230088495575221,0.7654189013383854,0.8182991824263933,0.9553571428571429,0.9378100789865496,0.955654288742524
eastern,10,10,5,337,113,113,1.0,1.0,1.0,0.9203539823008849,0.8836303643146687,0.9196358115437119,0.8672566371681416,0.8271176002020555,0.864033294459308
eastern,11,11,1,337,113,113,1.0,1.0,1.0,0.9203539823008849,0.8752480581748874,0.919205539645859,0.911504424778761,0.8672167256884865,0.9088292786996224
eastern,11,11,2,338,112,113,1.0,1.0,1.0,0.9196428571428571,0.8983711754125328,0.9193674310986083,0.911504424778761,0.8658246515389372,0.9097996398881355
eastern,11,11,3,339,112,112,1.0,1.0,1.0,0.9107142857142857,0.8741541709522005,0.9086398053916528,0.8482142857142857,0.7866148652956854,0.8406311431593013
eastern,11,11,4,338,113,112,1.0,1.0,1.0,0.831858407079646,0.785263383979687,0.832408631470283,0.9375,0.9135675895716241,0.9378614806246386
eastern,11,11,5,337,113,113,1.0,1.0,1.0,0.911504424778761,0.8672167256884865,0.9088292786996224,0.8672566371681416,0.8284352218883669,0.8668981289313687
eastern,12,12,1,337,113,113,1.0,1.0,1.0,0.8938053097345132,0.8345456131170418,0.8926102412828075,0.8938053097345132,0.8483753861905123,0.8947754179404361
eastern,12,12,2,338,112,113,1.0,1.0,1.0,0.9107142857142857,0.8805281772421919,0.9102605010313123,0.9026548672566371,0.8562009419152277,0.9001393886349638
eastern,12,12,3,339,112,112,1.0,1.0,1.0,0.8571428571428571,0.8157531418693399,0.8535349647516409,0.8571428571428571,0.7974802217121034,0.8513572376655907
eastern,12,12,4,338,113,112,1.0,1.0,1.0,0.8672566371681416,0.8271862619927906,0.8665356250756183,0.9107142857142857,0.8851140392749883,0.9127097969547674
eastern,12,12,5,337,113,113,1.0,1.0,1.0,0.9203539823008849,0.874167401637239,0.9176563394650287,0.8672566371681416,0.8315492713438798,0.865451551270675
